USE [master]
GO
/****** Object:  Database [ModuleChooser]    Script Date: 28/05/2018 11:58:06 ******/
CREATE DATABASE [ModuleChooser]
 CONTAINMENT = NONE
 ON  PRIMARY 
( NAME = N'ModuleChooser', FILENAME = N'C:\Program Files\Microsoft SQL Server\MSSQL14.SQLEXPRESS\MSSQL\DATA\ModuleChooser.mdf' , SIZE = 8192KB , MAXSIZE = UNLIMITED, FILEGROWTH = 65536KB )
 LOG ON 
( NAME = N'ModuleChooser_log', FILENAME = N'C:\Program Files\Microsoft SQL Server\MSSQL14.SQLEXPRESS\MSSQL\DATA\ModuleChooser_log.ldf' , SIZE = 8192KB , MAXSIZE = 2048GB , FILEGROWTH = 65536KB )
GO
ALTER DATABASE [ModuleChooser] SET COMPATIBILITY_LEVEL = 140
GO
IF (1 = FULLTEXTSERVICEPROPERTY('IsFullTextInstalled'))
begin
EXEC [ModuleChooser].[dbo].[sp_fulltext_database] @action = 'enable'
end
GO
ALTER DATABASE [ModuleChooser] SET ANSI_NULL_DEFAULT OFF 
GO
ALTER DATABASE [ModuleChooser] SET ANSI_NULLS OFF 
GO
ALTER DATABASE [ModuleChooser] SET ANSI_PADDING OFF 
GO
ALTER DATABASE [ModuleChooser] SET ANSI_WARNINGS OFF 
GO
ALTER DATABASE [ModuleChooser] SET ARITHABORT OFF 
GO
ALTER DATABASE [ModuleChooser] SET AUTO_CLOSE ON 
GO
ALTER DATABASE [ModuleChooser] SET AUTO_SHRINK OFF 
GO
ALTER DATABASE [ModuleChooser] SET AUTO_UPDATE_STATISTICS ON 
GO
ALTER DATABASE [ModuleChooser] SET CURSOR_CLOSE_ON_COMMIT OFF 
GO
ALTER DATABASE [ModuleChooser] SET CURSOR_DEFAULT  GLOBAL 
GO
ALTER DATABASE [ModuleChooser] SET CONCAT_NULL_YIELDS_NULL OFF 
GO
ALTER DATABASE [ModuleChooser] SET NUMERIC_ROUNDABORT OFF 
GO
ALTER DATABASE [ModuleChooser] SET QUOTED_IDENTIFIER OFF 
GO
ALTER DATABASE [ModuleChooser] SET RECURSIVE_TRIGGERS OFF 
GO
ALTER DATABASE [ModuleChooser] SET  ENABLE_BROKER 
GO
ALTER DATABASE [ModuleChooser] SET AUTO_UPDATE_STATISTICS_ASYNC OFF 
GO
ALTER DATABASE [ModuleChooser] SET DATE_CORRELATION_OPTIMIZATION OFF 
GO
ALTER DATABASE [ModuleChooser] SET TRUSTWORTHY OFF 
GO
ALTER DATABASE [ModuleChooser] SET ALLOW_SNAPSHOT_ISOLATION OFF 
GO
ALTER DATABASE [ModuleChooser] SET PARAMETERIZATION SIMPLE 
GO
ALTER DATABASE [ModuleChooser] SET READ_COMMITTED_SNAPSHOT ON 
GO
ALTER DATABASE [ModuleChooser] SET HONOR_BROKER_PRIORITY OFF 
GO
ALTER DATABASE [ModuleChooser] SET RECOVERY SIMPLE 
GO
ALTER DATABASE [ModuleChooser] SET  MULTI_USER 
GO
ALTER DATABASE [ModuleChooser] SET PAGE_VERIFY CHECKSUM  
GO
ALTER DATABASE [ModuleChooser] SET DB_CHAINING OFF 
GO
ALTER DATABASE [ModuleChooser] SET FILESTREAM( NON_TRANSACTED_ACCESS = OFF ) 
GO
ALTER DATABASE [ModuleChooser] SET TARGET_RECOVERY_TIME = 60 SECONDS 
GO
ALTER DATABASE [ModuleChooser] SET DELAYED_DURABILITY = DISABLED 
GO
ALTER DATABASE [ModuleChooser] SET QUERY_STORE = OFF
GO
USE [ModuleChooser]
GO
ALTER DATABASE SCOPED CONFIGURATION SET IDENTITY_CACHE = ON;
GO
ALTER DATABASE SCOPED CONFIGURATION SET LEGACY_CARDINALITY_ESTIMATION = OFF;
GO
ALTER DATABASE SCOPED CONFIGURATION FOR SECONDARY SET LEGACY_CARDINALITY_ESTIMATION = PRIMARY;
GO
ALTER DATABASE SCOPED CONFIGURATION SET MAXDOP = 0;
GO
ALTER DATABASE SCOPED CONFIGURATION FOR SECONDARY SET MAXDOP = PRIMARY;
GO
ALTER DATABASE SCOPED CONFIGURATION SET PARAMETER_SNIFFING = ON;
GO
ALTER DATABASE SCOPED CONFIGURATION FOR SECONDARY SET PARAMETER_SNIFFING = PRIMARY;
GO
ALTER DATABASE SCOPED CONFIGURATION SET QUERY_OPTIMIZER_HOTFIXES = OFF;
GO
ALTER DATABASE SCOPED CONFIGURATION FOR SECONDARY SET QUERY_OPTIMIZER_HOTFIXES = PRIMARY;
GO
USE [ModuleChooser]
GO
/****** Object:  User [IIS APPPOOL\ModuleChooser]    Script Date: 28/05/2018 11:58:06 ******/
CREATE USER [IIS APPPOOL\ModuleChooser] FOR LOGIN [IIS APPPOOL\ModuleChooser] WITH DEFAULT_SCHEMA=[dbo]
GO
ALTER ROLE [db_owner] ADD MEMBER [IIS APPPOOL\ModuleChooser]
GO
/****** Object:  Table [dbo].[__MigrationHistory]    Script Date: 28/05/2018 11:58:06 ******/
SET ANSI_NULLS ON
GO
SET QUOTED_IDENTIFIER ON
GO
CREATE TABLE [dbo].[__MigrationHistory](
	[MigrationId] [nvarchar](150) NOT NULL,
	[ContextKey] [nvarchar](300) NOT NULL,
	[Model] [varbinary](max) NOT NULL,
	[ProductVersion] [nvarchar](32) NOT NULL,
 CONSTRAINT [PK_dbo.__MigrationHistory] PRIMARY KEY CLUSTERED 
(
	[MigrationId] ASC,
	[ContextKey] ASC
)WITH (PAD_INDEX = OFF, STATISTICS_NORECOMPUTE = OFF, IGNORE_DUP_KEY = OFF, ALLOW_ROW_LOCKS = ON, ALLOW_PAGE_LOCKS = ON) ON [PRIMARY]
) ON [PRIMARY] TEXTIMAGE_ON [PRIMARY]
GO
/****** Object:  Table [dbo].[CourseModules]    Script Date: 28/05/2018 11:58:06 ******/
SET ANSI_NULLS ON
GO
SET QUOTED_IDENTIFIER ON
GO
CREATE TABLE [dbo].[CourseModules](
	[CourseId] [uniqueidentifier] NOT NULL,
	[ModuleId] [uniqueidentifier] NOT NULL,
	[Compulsory] [bit] NOT NULL,
 CONSTRAINT [PK_dbo.CourseModules] PRIMARY KEY CLUSTERED 
(
	[CourseId] ASC,
	[ModuleId] ASC
)WITH (PAD_INDEX = OFF, STATISTICS_NORECOMPUTE = OFF, IGNORE_DUP_KEY = OFF, ALLOW_ROW_LOCKS = ON, ALLOW_PAGE_LOCKS = ON) ON [PRIMARY]
) ON [PRIMARY]
GO
/****** Object:  Table [dbo].[Courses]    Script Date: 28/05/2018 11:58:06 ******/
SET ANSI_NULLS ON
GO
SET QUOTED_IDENTIFIER ON
GO
CREATE TABLE [dbo].[Courses](
	[Id] [uniqueidentifier] NOT NULL,
	[Title] [nvarchar](100) NOT NULL,
	[NumberOfYears] [int] NOT NULL,
 CONSTRAINT [PK_dbo.Courses] PRIMARY KEY CLUSTERED 
(
	[Id] ASC
)WITH (PAD_INDEX = OFF, STATISTICS_NORECOMPUTE = OFF, IGNORE_DUP_KEY = OFF, ALLOW_ROW_LOCKS = ON, ALLOW_PAGE_LOCKS = ON) ON [PRIMARY]
) ON [PRIMARY]
GO
/****** Object:  Table [dbo].[Logins]    Script Date: 28/05/2018 11:58:06 ******/
SET ANSI_NULLS ON
GO
SET QUOTED_IDENTIFIER ON
GO
CREATE TABLE [dbo].[Logins](
	[Username] [nvarchar](128) NOT NULL,
	[Password] [nvarchar](max) NOT NULL,
	[UserId] [uniqueidentifier] NOT NULL,
 CONSTRAINT [PK_dbo.Logins] PRIMARY KEY CLUSTERED 
(
	[Username] ASC
)WITH (PAD_INDEX = OFF, STATISTICS_NORECOMPUTE = OFF, IGNORE_DUP_KEY = OFF, ALLOW_ROW_LOCKS = ON, ALLOW_PAGE_LOCKS = ON) ON [PRIMARY]
) ON [PRIMARY] TEXTIMAGE_ON [PRIMARY]
GO
/****** Object:  Table [dbo].[Memberships]    Script Date: 28/05/2018 11:58:06 ******/
SET ANSI_NULLS ON
GO
SET QUOTED_IDENTIFIER ON
GO
CREATE TABLE [dbo].[Memberships](
	[UserId] [uniqueidentifier] NOT NULL,
	[RoleId] [int] NOT NULL,
 CONSTRAINT [PK_dbo.Memberships] PRIMARY KEY CLUSTERED 
(
	[UserId] ASC,
	[RoleId] ASC
)WITH (PAD_INDEX = OFF, STATISTICS_NORECOMPUTE = OFF, IGNORE_DUP_KEY = OFF, ALLOW_ROW_LOCKS = ON, ALLOW_PAGE_LOCKS = ON) ON [PRIMARY]
) ON [PRIMARY]
GO
/****** Object:  Table [dbo].[ModuleLinks]    Script Date: 28/05/2018 11:58:06 ******/
SET ANSI_NULLS ON
GO
SET QUOTED_IDENTIFIER ON
GO
CREATE TABLE [dbo].[ModuleLinks](
	[ModuleId] [uniqueidentifier] NOT NULL,
	[PrerequisiteId] [uniqueidentifier] NOT NULL,
 CONSTRAINT [PK_dbo.ModuleLinks] PRIMARY KEY CLUSTERED 
(
	[ModuleId] ASC,
	[PrerequisiteId] ASC
)WITH (PAD_INDEX = OFF, STATISTICS_NORECOMPUTE = OFF, IGNORE_DUP_KEY = OFF, ALLOW_ROW_LOCKS = ON, ALLOW_PAGE_LOCKS = ON) ON [PRIMARY]
) ON [PRIMARY]
GO
/****** Object:  Table [dbo].[Modules]    Script Date: 28/05/2018 11:58:06 ******/
SET ANSI_NULLS ON
GO
SET QUOTED_IDENTIFIER ON
GO
CREATE TABLE [dbo].[Modules](
	[ModuleCode] [nvarchar](20) NOT NULL,
	[Title] [nvarchar](100) NOT NULL,
	[Semester] [int] NOT NULL,
	[Credits] [int] NOT NULL,
	[YearOfStudy] [int] NOT NULL,
	[ModuleId] [uniqueidentifier] NOT NULL,
	[Url] [nvarchar](max) NULL,
 CONSTRAINT [PK_dbo.Modules] PRIMARY KEY CLUSTERED 
(
	[ModuleId] ASC
)WITH (PAD_INDEX = OFF, STATISTICS_NORECOMPUTE = OFF, IGNORE_DUP_KEY = OFF, ALLOW_ROW_LOCKS = ON, ALLOW_PAGE_LOCKS = ON) ON [PRIMARY]
) ON [PRIMARY] TEXTIMAGE_ON [PRIMARY]
GO
/****** Object:  Table [dbo].[Roles]    Script Date: 28/05/2018 11:58:06 ******/
SET ANSI_NULLS ON
GO
SET QUOTED_IDENTIFIER ON
GO
CREATE TABLE [dbo].[Roles](
	[RoleId] [int] IDENTITY(1,1) NOT NULL,
	[Name] [nvarchar](100) NOT NULL,
 CONSTRAINT [PK_dbo.Roles] PRIMARY KEY CLUSTERED 
(
	[RoleId] ASC
)WITH (PAD_INDEX = OFF, STATISTICS_NORECOMPUTE = OFF, IGNORE_DUP_KEY = OFF, ALLOW_ROW_LOCKS = ON, ALLOW_PAGE_LOCKS = ON) ON [PRIMARY]
) ON [PRIMARY]
GO
/****** Object:  Table [dbo].[StudentModulePreferences]    Script Date: 28/05/2018 11:58:06 ******/
SET ANSI_NULLS ON
GO
SET QUOTED_IDENTIFIER ON
GO
CREATE TABLE [dbo].[StudentModulePreferences](
	[ModuleId] [uniqueidentifier] NOT NULL,
	[StudentId] [uniqueidentifier] NOT NULL,
 CONSTRAINT [PK_dbo.StudentModulePreferences] PRIMARY KEY CLUSTERED 
(
	[ModuleId] ASC,
	[StudentId] ASC
)WITH (PAD_INDEX = OFF, STATISTICS_NORECOMPUTE = OFF, IGNORE_DUP_KEY = OFF, ALLOW_ROW_LOCKS = ON, ALLOW_PAGE_LOCKS = ON) ON [PRIMARY]
) ON [PRIMARY]
GO
/****** Object:  Table [dbo].[Students]    Script Date: 28/05/2018 11:58:06 ******/
SET ANSI_NULLS ON
GO
SET QUOTED_IDENTIFIER ON
GO
CREATE TABLE [dbo].[Students](
	[YearOfStudy] [int] NOT NULL,
	[CourseId] [uniqueidentifier] NOT NULL,
	[StudentId] [uniqueidentifier] NOT NULL,
	[UserId] [uniqueidentifier] NOT NULL,
 CONSTRAINT [PK_dbo.Students] PRIMARY KEY CLUSTERED 
(
	[StudentId] ASC
)WITH (PAD_INDEX = OFF, STATISTICS_NORECOMPUTE = OFF, IGNORE_DUP_KEY = OFF, ALLOW_ROW_LOCKS = ON, ALLOW_PAGE_LOCKS = ON) ON [PRIMARY]
) ON [PRIMARY]
GO
/****** Object:  Table [dbo].[Users]    Script Date: 28/05/2018 11:58:06 ******/
SET ANSI_NULLS ON
GO
SET QUOTED_IDENTIFIER ON
GO
CREATE TABLE [dbo].[Users](
	[UserId] [uniqueidentifier] NOT NULL,
	[FirstName] [nvarchar](max) NOT NULL,
	[LastName] [nvarchar](max) NOT NULL,
 CONSTRAINT [PK_dbo.Users] PRIMARY KEY CLUSTERED 
(
	[UserId] ASC
)WITH (PAD_INDEX = OFF, STATISTICS_NORECOMPUTE = OFF, IGNORE_DUP_KEY = OFF, ALLOW_ROW_LOCKS = ON, ALLOW_PAGE_LOCKS = ON) ON [PRIMARY]
) ON [PRIMARY] TEXTIMAGE_ON [PRIMARY]
GO
INSERT [dbo].[__MigrationHistory] ([MigrationId], [ContextKey], [Model], [ProductVersion]) VALUES (N'201711211746001_initial', N'ModuleChooser.Entities.Migrations.Configuration', 0x1F8B0800000000000400CD58CD6EE33610BE17E83B083AB540D64C9CCB369077E1559222E8265EACB2BBD8232D8D6DA214A99254603FDB1EFA487D858EFE7F2C2B966CA0450EB1C8E1C76F46C3F938FAE7C7DFCEFB6DC8AD17509A4931B3AF2697B605C2970113EB991D9BD59BB7F6FB773FFFE4DC05E1D6FA5AD85D2776B852E899BD3126BA2144FB1B08A99E84CC5752CB9599F832243490647A79F91BB9BA22801036625996F339168685903EE0A32B850F9189297F9401709D8FE38C97A25A4F34041D511F66365AC41CDC8D941AD4E40E710C036D5B73CE28B2F180AF6C8B0A210D35C8F5E68B06CF2829D65E8403943FEF2240BB15E51A721F6E2AF363DDB99C26EE906A6101E5C7DAC87020E0D5751E1FD25E3E2ACA76193F8C601AA15DE2751AC52280B6D5DEEAC6E52A313B14E249367C61754F5F94D9814994FC5D586ECC4DAC602620368AF20BEB53BCE4CCFF0376CFF24F103311735EE78A6C71AE3180439F948C4099DD6758353C7031556C8B34D7933640B9BC636DE62D660726BB6D3DD2ED47106BB3C163307D6B5BF76C0B413192A7CB17C1F06CE022A3627C7C4207E89243394F7AF77E6686F76D8B3F8FDAB67F170FF0AC1850C5460FC25C4F0773751504CCE8D340BE03558B9567E26077221BA9CAC07D909203158331E651C41904AE770EB0F3A09494165176D84F25751E9CDF41009ED77391FAC6CC66FE70322945A30DF3F55C047762CD0440767E86A03AA4AA86FB351255C850045665D209035BD351295153F262A9F333D9A49EE179601A45070F53B57DA65493A21877B12CF9547248323D2C74931C104EE791461146A726A4F988E5652AEABEF1864B4B9861105F77284CC9B6DCC94845D7D09A4DC21AC03D53DADC5243973479476E10769865D13F10D962976680DBDA51C5BBB04F7E3794A05BE5DA485504EFD1A9108449FD83924FA9AB7B0BD35B0CE554F528912B791C8AD7D4AD0F2DD7963A503E743C46A51C75986AF478A4523DEA40E5E0F1380D01A963352606F04A8B7683543A723C424B45EA50ADA901AC3AC086A3EC894927B7627208BB2EC031482D5DA9C3B5A686B02BE4A5C9AE181DC0EE80C034681EB0D9DFC521AD7AD12E4D64AF36B56EB2ED52D7A7106D9372F752295A8AE0E4D5F9F57E6BAF5C6726B685E17B614152AABD1DD6877092184CBCBFB88B99264C65F048055B6109C92EFD36B63BD356BBF6FF699D88D6013FAA7FFACFFB16F14295BFA16ABF7339A52D29507F09E9F6D73AD498D6832569705AE33106A2A3ED18C5A476C35FB2E1EB3B1B8E3140A7231C6834C691391DA3B3C11847A6D95C8C22D3DB58BC8E38B4A968DF7E8F691D7A3A87AC1CCFEC60299173C6B2EC3746B615FBE2E090FA273BE716345B5710C9073C017EF2362BD0C2E641AC641172F4ABCEA83069D73A3034C0F0CC95612BEA1B9CF641EBF4AD7CA53C4693BB7009C18358C4268ACD5C6B0897BC71137448FFFE69EFD4E4EC64F9A8CFE102D264E8022CC48798F1A0E47DDF913F0720924CC90E4AC2CA33F81FD6BB12E9498A2381F2F0DD42042240657E8630E208A617C2A32F30861B36C01F614DFD5DA1F187415E7F11CDB03BB78CAE150D758E51AD4F3E4393E43BF4BB7F01C000E973B9160000, N'6.2.0-61023')
INSERT [dbo].[__MigrationHistory] ([MigrationId], [ContextKey], [Model], [ProductVersion]) VALUES (N'201712031438439_Module_RemoveCoreOption', N'ModuleChooser.Entities.Migrations.Configuration', 0x1F8B0800000000000400CD58CD6EDB3810BE2FD07710746A81D44C9C4B37905BB84AB208B6898B2A6DD1232D8D6DA214A925A9C07EB61EF691F6157664FDD3B263C9017691432C72F8F19BD1F09BA1FEF9F5B7F7611D73E7099466524CDC8BD1B9EB800865C4C472E2A666F1F69DFBE1FDABDFBC9B285E3BDF4ABBCBCC0E570A3D7157C6245784E8700531D5A398854A6AB930A350C68446928CCFCF7F2717170410C2452CC7F1BEA4C2B018B60FF8E84B11426252CAEF65045C17E338136C519D071A834E680813172D520EFE4A4A0D6A7483388681769D296714D904C017AE438590861AE47AF55543609414CB20C101CA1F3709A0DD82720D850F57B5F9B1EE9C8F337748BDB0840A536D64DC13F0E2B2880FB1970F8AB25BC50F23B88DD026F37A1BC53280AE636F75E5739599ED0BF1281F3E73BAA7CFAAECC024CAFECE1C3FE526553011901A45F999F3399D7316FE099B47F913C444A49C37B9225B9C6B0DE0D06725135066F305162D0F7C4C15D721EDF5C406A89677ACCDBDC5ECC064779D7BBAFE04626956780CC6EF5CE796AD212A478A74F92A189E0D5C64548A8F0FE8009D73A8E6C9C1BD1F99E187B6C59F476D7B789700F0AC1850E54677C25C8E7B73F51544CCE8D3407E0055B34560D268731AD034493883C80F7CA9AA087E94920315FD5D7B11948AD22CC90FEAA9A45E06E70F108067EDA5487D676635BD3B9994A2C98A857A2AA21BB1640220CFFD3EA81EA9956C57DFB082188AC0AA648ECFB0361D2A87F5A0103A5D9CA736F51C2F00D3120C3C08F5F67995199542DAC5B2E253973292D7B2B2E6913D45CFBBA74982D16914C162C409F20AE8BF0DFA978538C720A1EEA80E15DB6A2723155D82359B8535825BA6B4B9A686CE69F68EFC28EE30CBA3BF27B2E52EED00DBBA5FC7BBB4CF7EB754BCBB42D94875046FD1A91884D9FA07159FAA26EE2CDC7620945375A08AF892A7B178AE321D422BEA4213A8183A1EA356FD264C3D7A3C52A5FC4DA06AF0789C96F837B15A13C7E35935A089684DF5F0B503AC3FCA4E29E8E4564EF661D7053804C9AA0A4D386BAA0FBBB238B4D995A33DD8ED290F2D9A7B6C7677F18875DA6D61213BCA62F590B6501DD277DBA4DABDD2794BCFBD425B9FBFE9EC886D6EE23A18BE271665421B6CF074C7A3CC6014FCC57DCC34616A837B2AD80205206FB75DBC688CAD8BD2FFE7D242B48EF8513797FFFCC6209EA80A5754EDDE194EB91094A8AF63BA7ED3841AD2F4B32C0D4E6BF987407434FC43603ADBFD391BE0D2C9087BDAFC61644EC7E86CEF879169B7F683C81C6CEB9F47ECDBD2DBBDE7318DFB81BE3D97D3891BCD2572CE5956DDFEC0A67E57DC3DD2FCD8E55D8366CB1A22FBF42520CCDE660D5ADADC89852C438E7E35199526B65681A1118667AA0C5BD0D0E074085A6FDFCA37CA5334B989E710DD89596A92D44CB58678CE5B7D98470EEFBFBDB9B4397B793EEA9770016932740166E263CA7854F1BEEDC89F3D1059A6E40725631518FC0FCB4D85F420C5914045F8AE21011161657D8438E108A66722A04F30841B5E3F3FC192869BB246EF0779FE45B4C3EE5D33BA5434D60546BD3EFB804BB22FB8EFFF057AAAC85DF3150000, N'6.2.0-61023')
INSERT [dbo].[__MigrationHistory] ([MigrationId], [ContextKey], [Model], [ProductVersion]) VALUES (N'201801221455271_Add_Course', N'ModuleChooser.Entities.Migrations.Configuration', 0x1F8B0800000000000400CD59CD6EDB4610BE17E83B103CB580A3B5EC4B6A500914DA0E8CC65610DA297A5C912369D1E52EB3BB34A467EBA18FD457E850FCA74859A404D7C821F6EECCB7DF7CFB3333F4BF7FFFE37C5C87DC7A06A59914137B3C3AB72D10BE0C98584EECD82CDEBDB73F7EF8F927E72608D7D6F7DCEE32B1434FA127F6CA98E88A10EDAF20A47A14325F492D1766E4CB90D040928BF3F3DFC8784C00216CC4B22CE75B2C0C0B61FB0BFEEA4AE1436462CAEF65005C67E338E36D51AD071A828EA80F131B2D620EEE4A4A0D6A7483388681B6AD296714D978C017B6458590861AE47AF5A4C1334A8AA517E100E58F9B08D06E41B9862C86ABD2FCD070CE2F927048E99843F9B13632EC0938BECCF4214DF7412ADB857EA8E056A14D12F556C589EDCA5825A13797BA72B94ACCBA241EA58E6756FBF459713AF01025FFCE2C37E626563011101B45F999F5359E73E6FF0E9B47F91788898839AF7245B638571BC0A1AF4A46A0CCE61B2CB208EE02DB22753FD2742CDC2A3E69749F63863F3FE0DA74CEA1380964AFFB23331C72043C4F783D6CEB9EAEBF80589A154A46D7B675CBD610E42319EC9360789BD0C9A8B8B18A43CABDD9BB63A9E003762C1D7E033B96114021FAEF5CD5B753FFF1C5FB83F47F03DBBEBB8A07F8BA1950F94277C25C5EF4E6EA2A0898D1C781FC0954CD169E8983CD7140D328E20C02D773A52A14FC2425072AFA8776129482D22C4A9FD663499D06E73308C0BB762A527F30B39ADE1D4D4AD168C57C3D15C18D583201909EFD3EA8FBDF37CCF98622B02AD29230B0362DAF1C66F0ECA1D3D97DAA534FF13C30B5048717A15C3EAD0B4679EA23FB01D217A70D207F89DBC22C022AAB1792962F7999433AEA1CE79E4611CA5BA97BB211CB4B8B1EF79DD7BF1208530CE2EB9682A0605BAC64A4A24B68CC266A0670CB9436D7D4D0394DE47383B0C52CDDBE0E65F355EA3BD44C1CA5DEB97DF2732D0DB417254DA452C15B0C2A0461B6F141C1A72883761CB74527E554B51410AEE47128BA8A907DDE5922A9026443BB180E69706FCA4476746AA4D4A6EC076D4A7EEA4FB029D935E9BF295D8E5DB2566B83AAB6DDF5C6A936A90BA3CCE5559872F470A4229F57818AC1C3716A29BD8A559B381CAF91D9AB888DA91EB1B680F547D949F0ADDCF2C93EECDA00872035727D15AE31D5875D9EF2EBECF2D11EEC3A927E8D6687CD2B3F633B49B76952AC5E24DF469275B284F7F217879D0C989AD816CAF7CC8224FB791BBCDDE1283118793FB88B274D98D2E09E0AB6C007206DA26C6CF82F1A1F2CDECEC703A275C00FFA82F0EA9D7B2CD88F18505024B460C96B7A4C3B279EA9F25754FD12D2F5AF55A8E33BF5FFBD43CE63DBED915F49B1979B5C965C90E35ADC21102D0DEE1098D6F676CE0684743442475B3B8CCCF118ADEDEC3032F556761099BD6DECCB887D5BD866AB7448A3BAA74F4D13CDC40EE61239A72C8BEEF6A026764F0FDB065E74BE031BDCDD9CEA90EAB77EE71A345B9610C9977F017E72544AD0DCE64E2C64BE9F185795516ED27C08C1D000B59F2A4C10D43738ED83D6DB2DFF4E798C2637E11C823B318B4D149BA9D610CE79ADFC75C8FEF5B75D7C9DB3931E767D8A109026C31060263EC58C0705EFDB96C3D901911CC3F41626AC3C83FFC37253203D4871205026DF35442092A4FB0861C4114CCF84479F6108B7270D5F6049FD4D5E1A7583BCBC1175D99D6B46978A863AC328FD93BF5F91E40F581FFE0334E0A42EF21A0000, N'6.2.0-61023')
INSERT [dbo].[__MigrationHistory] ([MigrationId], [ContextKey], [Model], [ProductVersion]) VALUES (N'201801221506141_Add_Student', N'ModuleChooser.Entities.Migrations.Configuration', 0x1F8B0800000000000400D55A4B6FDB4610BE17E87F20786A0B47B49C4B6A480914D90E8CC656603A697B0A56E4485A74B9CBEC2E0D09417F590FFD49FD0B1D8AEF974452B2E3C0074BFBF876DE3B33ABFFFEF977F466ED31E301A4A2828FCDE1E0D434803BC2A57C393603BD78F1CA7CF3FAC71F4697AEB7363E25EB5E86EB7027576373A5B57F6E59CA598147D4C0A38E144A2CF4C0119E455C619D9D9EFE6A0D8716208489588631BA0BB8A61E6CBFE0D7A9E00EF83A20EC46B8C0543C8E33F616D5B8251E289F3830367145C060BA1242811C5C228EA6A04C63C228416A6C600BD3209C0B4D34D27AFE5181ADA5E04BDBC701C2EE373EE0BA05610A621ECEB3E56DD9393D0BD9B1B28D099413282DBC8E80C397B17CACF2F65E523653F9A104B712DA845C6FA53836A7229021EBE5A3CEA74C86CB9A443C88369E18F5D327A975A011857F27C634603A9030E6106849D889F1219833EAFC069B7BF117F0310F18CBD38AD4E25C6100873E48E183D49B3B58C41C5CBBA66115F759E58DE9B6DC9E88BB7701C5CFB778369933482DC1DAB9FD9E6A060902DA13BA8769DC90F57BE04BBD429191B5695CD135B8C9480CFB9153F426DCA465503A656465BAD9A9B148E03D34160D3F038DC504A020BA6B2EBFB751FEC3B357ADE4FF0CD45E3DC5068C6E1A6472D035D72FCF3AD33A95E052AD0E03F913889C2D6C1DB89BC38026BECF28B8537B2A642AC1B7423020BC3B6B474149499AF951683D94A8E3E0BC030EE86BC722EA77AA5793EB838992C45F51474DB87BC997940344B6DF05B5757C0BCD0DB8EE11E0E29DCF20C27D833BE98A4AA5C38F8F1EA0DE93273AE868E127CA55BA0AF8963CD0E5D6F26AE14CE30ED8765AADA81FE59A89097E4E965C49E1DD099699753CF3D9C67F4E2842513B7D4FE412743B0F9A28251CBAA5A4E842091545B62EB96BEC2629D26A8E1DD42D3A0AC580E9E0F963F3978AAC1A41134672A0896C8A9843B3EC56337E010C34181327CA9DA74439A42E69C0D38B23E88920910ACCF0B19A50E8DB94EBAADB52EE509FB09D949776B574F790AA14BF3C73013EF0F0A89D7A68737066D8D5E3D3534AC2DA279B919533A86AA4C63D1A77804C49E01AD675E11A6BAD3862ABD8DFCB3613E2D9A00BCC60CA929979C9622A46570488C27E1D409233EF0188155187907A42092227AB0A4E1A05728BEAE34459797B7D34A53C4F74C506F67A650E26957ED9B98A1CD6C4A3D422B242DD8A2AF5A4A2B71A4AFAD10DF17DBC3B72257E3C62D8517D3F7D61772F7ABD08C372544DED9B529B9EA485244B28CD860271617BA95E104DE624D4E3D4F56A9645F6DF6059C9294513AF2A2A31B7647DF8B950F1D4D7DF35512246B842A6BC30C684FC4145D1D58DDBFE0A6144D6E42553C1028F3707BBE6DD71CD94078887AA1823AB447B25A655E454B9088A626FA594246C1C4129719CE9AE94A68D4D62CD97C179D93697D6C75252134656B6E661B2D1F64869E99A074A07DBE314D2C73C5661A23D5EA988CD2396A63AF05A03D61DA552CBD6D2964C76A1AE0EB00F52A9ACCDC395A6BA509754B745EA92D10ED435D4B705321BD63C9B3096E60147886349B6D33D9035EE7C9CEB2557F5E64172C3EDB1B2BA360F958D7EBBC893A5F9054B6F4CFE1FD9062B895F79497A7A9A009612BD519C74ED7FE0A96461D112D340113D5037CCC0EC0DDE30DE205C30B0BFB02946BB30514F16DC104E177809451D1DF3EC7478567A1F7A3E6F3596522E6BF560F3E44DA980D32F01D0D0B9E9828637FA21DD73FE40A4B322F2278FAC7FCE431DFE30F2CD1F2412DEAA4F124F24B1FD6F0A347490C35E14FA40D434F4FAC0D4BE26CC690F960E46687845E847CCE118B5AF07FD8829BE1CF42266E7ABC17EC4CE2F06DF5F4CAC34ED0FF2F27263FE20B023F96AB9F55E1559A56F78CD5D588FCDAF5B8473E3FA8FCF09C889319378A39F1BA7C6DF3D8DA777B33CE9E53D6D23BBD2C1EBD79EEFD50F6FEC303D5603FCFB6979973B836D1ADB3BFADA514E3B36DDB940FD4636DDD48FAD6F7AEFE879D781A79DF2760DF15DFDF03AF8A696F4A377CB8B92CEB73B5B34C7EBBAEA8FD30EAF563F68A3B91FC1A18328BACC20C29FC471700AD699AEB9E60B91B84989A264493965054D5C34DD89C4184C1C8DD30E28B5BD9C3F1116E0924B6F0EEE359F05DA0F34B20CDE9C154AD6D0D9769DBFEDF917691E4569893A060B4826451660C6DF0694B929DD573537410344E8C551BEB4D52506050DCB4D8A742B784BA0587C69F0B907CF6708A666DC260FD087B68F0ADEC392389BA4886D06D9AF88A2D84717942C25F1548C91EDC7AF68C3AEB77EFD3F5AAC77F50B2A0000, N'6.2.0-61023')
INSERT [dbo].[__MigrationHistory] ([MigrationId], [ContextKey], [Model], [ProductVersion]) VALUES (N'201801231555260_Add_Required_Tags_And_Core_Option_To_Module', N'ModuleChooser.Entities.Migrations.Configuration', 0x1F8B0800000000000400D55A4B6FDB4610BE17E87F20786A0B47B49C4B6A480914D90E8CC656603A697B0A56E4485A74B9CBEC2E0D09417F590FFD49FD0B1D8AEF974452B29DC0074BFBF876DE3B33ABFFFEF977F466ED31E301A4A2828FCDE1E0D434803BC2A57C393603BD78F1CA7CF3FAC71F4697AEB7363E25EB5E86EB7027576373A5B57F6E59CA598147D4C0A38E144A2CF4C0119E455C619D9D9EFE6A0D8716208489588631BA0BB8A61E6CBFE0D7A9E00EF83A20EC46B8C0543C8E33F616D5B8251E289F3830367145C060BA1242811C5C228EA6A04C63C228416A6C600BD3209C0B4D34D27AFE5181ADA5E04BDBC701C2EE373EE0BA05610A621ECEB3E56DD9393D0BD9B1B28D099413282DBC8E80C397B17CACF2F65E523653F9A104B712DA845C6FA53836A7229021EBE5A3CEA74C86CB9A443C88369E18F5D327A975A011857F27C634603A9030E6106849D889F1219833EAFC069B7BF117F0310F18CBD38AD4E25C6100873E48E183D49B3B58C41C5CBBA66115F759E58DE9B6DC9E88BB7701C5CFB778369933482DC1DAB9FD9E6A060902DA13BA8769DC90F57BE04BBD429191B5695CD135B8C9480CFB9153F426DCA465007B8E1D5999B276AA30D2400F1546C3DF800A63025032DD5599DFDBA890E1D9ABC315F24C76503DD6068C7F1A6472F235D72FCF3AA34C25B854ABC340FE0422670B5B07EEE630A089EF330AEED49E0A998AF4AD100C08EFCEDA51505292667E147C0F25EA3838EF80033ADFB188FA9DEAD5E4FA60A224F157D45113EE5EF225E50091331C485D672DB60E9AA1C902D73DA266BCF31B089BCF70F35D51A974F8F1E9A3DE7BF25C271F2DC84539535715DC9207BADCDA662D9C69DC01DB4EAB15F5A39C3731D2CFC9922B29BC3BC132C38F673EDBF8CF09652A6AA7EF895C826EE76313A58443B794149D2CA1A2C8D625778DDD24456ACEB183CA4657A218961D3C7F6CFE5291552368C2480E34914D117368961D6FC62F80810663E24439FC942887D4E52A787A71047D15245281950656350ABD9F725D756CCA1DEA13B693F2D2AE960121A42AC52FCF5C800F3C3C6AA71EDA1C9C1976F5F8F49492B0F6C96664E50CAA1ACB718FC61D205312B886755D40C79A2F8EE92A0E00659B09F16CD005663031CACCBC643115A32B024417431D4092AAEF0188155187907A42092227AB0A4E1A05728BEAE34459797B7D34A53C4F74C506F67A650E26957ED9B98A1CD6C4A3D422B2868115750C92CE82D5D05A18DD10DFC7CB24D76A88470C3BEA334C5FD8DD8B6F2FC2B01C555383A7D4A6276921C9124AB3A1405CD85EBB1744933909F53875BD9A6591FD375856724AD1C4AB8A4ACC2D591F7E2E145AF57D809A2811235C21535E186342FEA0A2E8EAC66D9F8730226B3297A96081C79B835DF3EEB854CB03C443558C9155A2BD12D32A72AA5C0445B1B7524A12368EA09438CE74574AD3C626B1E6ABEFBC6C9B2BFA6329A909232B8EF330D9687BA4B440CE03A583ED710AE9631EAB30D11EAF542AE7114B531D78AD01EB8E52A9986B694B26BB505707D807A9543CE7E14A535DA84B6AE82275C96807EA1AAAE802990D6B3AD05BD574839E9F2910A699C4112261922F750F858D3B1FE782CA55D67990DC707BACAC54CE4365A3CF17BBB242A1687F4DE5C323DB6025752C2F494F4F53C852AA388AD3B6FD4F55953C2E5A621A28A207EA86399CBDC13BCA1B840B06F61736C57819A6FAC9821BC2E902AFB1A86B649E9D0ECF4A2F5DDFCEAB93A594CB5A3D3D3D79E32BE0F44B0034746EBAA0614E7048DB9F3F10E9AC88FCC923EB9F8FFCA4F3EC4F290973D5C794A712D9FED70F1ABAC8616F1F7D206A9A827D606ADF3DE6B4074B072334BC77F423E6708CDA778E7EC414DF387A11B3F37DA317559DB4D5F95DE3FB8BAA95A785C3C244F9B9E030B423797BF901A02AB44AF7F29ABBB01E9B5FB708E7C6F51F9F1390136326312B38374E8DBF7B9A4FEF967DD2517CDA767AA58FD8EF91A05757BEB1CFF5586DF8EFA7F15EEE4FB669AFEFE8AE4779F1D874E702F51BD9745357B8BEF5BEA3F35E079EF6EBDBB5E57775E5EBE09B1AE38FDEB32F4A3ADF746DD1A2AFEBED3F4E53BE5A41A18DE67E12880EA2E83283087F20C8C1295867BAE69A2F44E226258A9225E5AC173471D1742712633071344E3BA0D4F67AFF4458804B2EBD39B8D77C16683FD0C832787356287B4367DB75FEF6E5A148F3284A6CD43158403229B20033FE36A0CC4DE9BEAAB9091A20422F8E32AEAD2E312868586E52A45BC15B02C5E24B83CF3D783E433035E33679803EB47D54F01E96C4D924857033C87E4514C53EBAA0642989A7628C6C3F7E451B76BDF5EBFF010D485F2D192B0000, N'6.2.0-61023')
INSERT [dbo].[__MigrationHistory] ([MigrationId], [ContextKey], [Model], [ProductVersion]) VALUES (N'201801252006503_Module_Set_Key_As_Database_Generated', N'ModuleChooser.Entities.Migrations.Configuration', 0x1F8B0800000000000400D55A5B6FDB36147E1FB0FF20E8691BD2C8495FB6C06E913A49612C97224ABAEDA960A4639B1845A92415D818F6CBF6B09FB4BFB043DDAFB624DB4D8B3CC4E6E5E3E1B991879FFFFBE7DFF1DB95C78C671092FA7C629E1C8F4C03B8E3BB942F2666A8E6AF7E36DFBEF9FEBBF1A5EBAD8C8FE9B8D77A1CCEE472622E950ACE2C4B3A4BF0883CF6A8237CE9CFD5B1E37B16717DEB7434FAC53A39B100214CC4328CF17DC815F520FA825FA73E772050216137BE0B4C26EDD86347A8C62DF14006C4818989234206D3A5EF4B10C79788A32848D3386794A03436B0B96910CE7D4514CA7AF628C156C2E70B3BC006C21ED601E0B8396112923D9CE5C3BB6E6774AAB763E51353282794CAF77A029EBC4EF46355A70FD2B299E90F35186968AD771D6971624EFD50E8AD57973A9B32A187B5A9F8389E786434771F65DE814EA4FF8E8C69C8542860C2215482B023E343F8C4A8F32BAC1FFC3F814F78C85851569416FB4A0DD8F441F80108B5BE8779B283996B1A56799E559D984D2BCC8977F73EA4F8F916D7264F0C324FB0364E7FA08A418A80FE84E1611A3764750D7CA196A832B2328D2BBA02376D49601F39C568C2494A84B065D9B1951B6BA309630B0C3061DCFC15983016608821F3991BCD59508AAD7C01EF8183200ADC0F4429105C7B04447ADD66FA445768C40DF63F1DED6EFEFE5E77323AC8B23660B64525A52BCFB87A7DDA1B652AC0A54AEE06F207107137B755E8AE77033A0F0246C19DDA53748614EA9DEF3320BCFFD6F68292897417C4A97E57A1F68313470ADB9750BF51B53C9FED2C9420C1923AF29CBB977C4139401C0C3B4AD7DB8A9D53B47659CC2F03727432F32B48D22F70CE5E512195FE78E8B3B6BEF43579A995F796E4E21B5A5F13DC9267BA887CB311CE34EE8145DD724983F8869D3AE9A774C895F0BD7B9FE58E9FF47CB2F19FA375EA37763F10B100D52DC6CEA5F41D1A49520EB2548AF2B62EB96B6C16293673613B686C0C258A69D9C1F527E64F355DB582A61B2980A6BA29639E98D5C0BBE317C0408171EEC415C3944887B87543A15EDC720BC62A087D8D210C6B2889D14FB9AA0736E50E0D08DB28796556C784A0A5CAF0AB3D171000D74B6DB443978573C7AE2F9FAD5251D636DD8CAD8243D57339CE51380344260257B06A4AE8586126395D2609A0EA331ACF0655DA0C5E8C7237AF784CCDE9CA00F1C1D0049016065B00124334216491508128E8AA86936581C2A0E63C5135DED618CD242F0A5DF381AD515980C9B45F0DAEF20E1BF251E611F9F38415BF4FA4EF1856CB43C6F88604011E2685878DA4C5B0E3578DE92BBB7FA9EFC51896231B2AFE4CDA6C252C83C8022ABD5A212E44C7EE0551E489683B4E5DAF6158ECFF2D9E95AE5276F1BAA152774BC7EBCFA53AABF9D5A1214B240857B8294FE798A8CCAB19BA3E317A55228C88869BCBD467A1C7DB935DFBECA4542B02244D758CB15591BD96D36A7AAA1D0465B577324A9A36F6609424CFF4374ADBC436B5E6D57E51B36DAF07DB91E232BE8E15B71FC6DC6D1879995D84C95BBB2365A57611286BEC8E53BA8816B14A1DDDF12A457711B1D2D563AF0D60FD516AB577A36C69671FE99A00872055CAF0225CA5AB8F7469355E962E6DED215D4B3D5E12B3654C0F79EB966EB1F30BA5D4EC4EB2879C9ADEBCFA27D5D6998739EA0A357A11A4D0DC1D2B2FBA8B5079EBCBE5AEBCE428FB5F5B2172601FAC5D42AB43B2D5B3CB68E5D2394E2E80DB29B6DA8D301E621AA8A267EAEADBA0BDC633CA3BD6038EEDCF6C8AF952170DE9801BC2E91C8FB1F8FDC93C1D9D9C5618BAAF872DB3A4745927CAEC8B3FA1859C7E0E814644C59CEA3BC12E04027F26C25912F18347563FEE998A7A510AA8AEA6AD944F4F3DD639A054990DEF0133EEC26A62FE65CCE46324D999F1204230FEAE3146FBB0E6600122F268476688EAA0DF8D171A02D1F0603A04A691137AA203B6B433420B17344C98DD311A39A061C294F99F41C26CE47E0649D5CB5ABD399F6FEF9CA8D12E7DCE8AED54CA6E687B8AF62A3952575A7B22D50867C6ECF74F29C8917127F09E73668C74561DE43E83E98CF4B5F5CB520DB537D66104CA20C6A2F50DF05014C5B7434A54DF6EBB500F1B9887F8A63F31DD271FED1BFB74DB8B79332DB181956802CFB88C6E94C526C6A209BE8D3438389F51D674F141BA037DD1C47B1C86B0A8D784E8A3851F67628048BAC821F44F35393825EFCCC6CCF8DC4FC3A422513AA47AAF06455C74DD73813998380ABB1D90323ADE3F1216E2904BEF09DC19BF0B55102ADC32784FAC54C8EB60DBB47EC4CA94651EC7171BB98F2DA09814B70077FC5D48999BC97DD57012B440E8284E8A156D4BA58B96C53A43BAF57947A0447D59F279002F600826EFB84D9E61886C8F12AE61419C755ADAB7836C374459EDE30B4A16827832C1C8E7E357F461D75BBDF91FA51C5DABA32C0000, N'6.2.0-61023')
INSERT [dbo].[__MigrationHistory] ([MigrationId], [ContextKey], [Model], [ProductVersion]) VALUES (N'201802061130104_Add_ModuleLinks_Table', N'ModuleChooser.Entities.Migrations.Configuration', 0x1F8B0800000000000400ED5B5B4FE436147EAFD4FF10E5A9AD5802EC4B8B6676C50E50A1721303DBF60999E4CC606DE26463070DAAFACBFAD09FD4BF50E79EF892C96D18A82A5EC0B13F1F9F737C7CECF3F1CF5F7F4F3EAE3CD7788290629F4CCDFDDD3DD30062FB0E26CBA919B1C5BB1FCD8F1FBEFD6672E2782BE373DEEF7DDC8F8F24746A3E32161C5A16B51FC14374D7C376E8537FC1766DDFB390E35B077B7B3F59FBFB167008936319C6E426220C7B90FCC1FF9CF9C4868045C8BDF01D7069D6CEBFCC1354E31279400364C3D4E43D2217668FBE4F21DC3DE1380C03358D2317232ECD1CDC856920427C861897F5F08EC29C853E59CE03DE80DCDBE70078BF057229646B382CBBB75DCEDE41BC1CAB1C9843D91165BED71170FF7DA61F4B1CDE4BCB66A13FAEC14443CFF1AA132D4ECD991F85F1D2C5A90E676E1877D3A978371DB863A83FEF14DEC19D28FED9316691CBA210A60422162277C7B88E1E5C6CFF02CFB7FE17205312B96E55562E2DFF566BE04DD7A11F40C89E6F6091ADE0CC310DAB3ECE120716C32A63D2D5FD1C61FEFB259F1B3DB8507882D538FC1633177204EE4F7C7B98C6055A9D0359B247AE32B4328D53BC02276FC960EF08E6BB890F6261046BA69D58A5B11A4D985AE01C932F3DCC580E7E05A64C05900DAAEC7C1D42085F234C31530C59EF03E564033C4114A20BD4257AC2CBC44A4AC94CE306DCE4337DC4411ACB2AE6BACF7B9D86BE77E3BB3547C83EDECFF926B5634FF5753D6E51B804D65EB6EA82DBC9A91AA19459EED824BFA2B76A2D1D7751EF1DF48A77CF685BA1A29439F343F81908848881738D188390C4711512BDAEDB3699AE78286C88A2077BC38368F7D8BDBFB79169E7C07316AEA47CE633C2DE1F74469985E060468781FC0E28BC5ACC59E43C0F033A0A021783339BCFB833E4509F7CBE5311E9BEB451500A91AE8234611A2AD43838E94E71C712EA57CC1E8FCE060B15A2E011DBF488382764890940BA19064AD7D98AAD4374ECB23CBEF488D1D9C85710A4B790AD9EE290B2F8D74D67ACF2D4E7685B338F16E4D27BCE68B95D7EDF52E44C9993DEE75DCA24A9FE45CA8A84CF5DD2A0234A7D1B279248B7893CC3ACAFEC8438C6DA743335763D11E456E77B0AF3F86C7341A6E60F92D29AA0F34549D022ECBE296EC22B720C2E30308EECF40E3E43D4468E6C34AE23A7DEC2F72DCF3249FC5230E3B6E2910013266F724C6C1C20779DF0C2C0AE5720AB9848FC720C0190D805D65966A804C54482E2D6E96962551CADB5FF296E0E2D1CA6E91A31A25F36DC3FDE968FEA17B20D7FD55BAF8D34CD6F022FE4C1421CD7F9922EA897CE53E43BED1D5473145440F3D3E5B579A45AF236461FE87C6A3BB499B84C0D5EC0CFD2F39B8F617C0484850884C14A9512DF51C8B2629AA550A2CFC4787360B5C5F0AB659928081E23395D1DA0DCC42A906ABC6D05A407590B90595485506C2901A2A274D58A8AC7B64A3FED8B9CE80B6D32A66209821E25C76A932349601250CDCB78C76ECA50BDE8352A66DD41DEE3281FA6B086C37B23CA13537B595B4D87469B63A32276E9FE0DCAD01C1415982220B45E7D7EC928825459B9B3D2D25D5EE2B33435BEC9050A027E43ACD4FCB216639E16FC66EFE6DDAB605E8A61D954510C2BA42D66627E8896207C8D15E24072973E460C3DA0D88E33C753744B43B22646E5B3D4A3AE6CA83C70E5FDE3DF6B8FA7EA829CE2E0CA104EF9A2BCF8D84BDE6E2543CB0393822B7251A8788E98F96EE411FDF9AB1F9DBDBF5601B22619636209B24BC7ACA4272937A9ABBD9551AA016504C3548EBEEEC6691AAC5371999357B5ACCFD4F548623E5DC55B976B6FD97C239AAEB7D9B661B26A6945C64ADB37B35B751865E9A30A53B6B6472ACA1F55A0A2B13D4EED71B08A55FBD01E4F28845411854F1DD6AA00EB8E22D54394B2E51FBB48A702EC83249446AA70C2A72ED2E51592BA74796B07E93435929A989A3E1DE4952DADB1F396426A91528E1053F32B58F7A0AA1DB9994CA55237A982549ADB639585902A54D9BABDD8553E62D4FD4FF7B4B1611F94EE10629762F6E22E21DC192659FEBE9E3C2825F46917D3E02A7AC24E9CCCCF9FF919E5EDC61D76E75FDD198F97F1EB41DEE10211BCE0C7585A13340FF6F60F04EEE1EBE1015A943AAEE2FE2393015FBCAC1911FC35029C90471638CE0986903AC8130AED47147EE7A1D5F71B20D9F550CF56896DB276A5C7C233E2C06A6AFE91201C1A67BFDDE7203BC655C81DFDD0D833FE1C891DD74B9E3A5407A9BA12C046B4EE18A65A4BB4EA68129979956F9726339CD1BB44B243E3368C20D6B9C0D31A63BFF61620A16C0DE463E138AC0F6363F58150D014FAC02899580FB8C7920623681858FD84198EA1645EF513A6CEBAEA254C23E3AA97549DACD59969F5F6320189ECD4251B90E14402D330B49176BB4849EA75A0E620231CA5C349442FCD995015857AD343061030B641B1F8AF9380FEF7A557E64B6F89949317685F9630239565FBD1807A398FB66CB829A2CDDBA1D688E55ECD53A9C0ECD5F267D2D7A5A9E93CF8DCBEE929AB2BB2EBC9356BB835AA491A08129A891AB837FA09D683179EACE7E5A8E07584861765ED2898212DD9261AB2CADBE3E4BC46158CC8ACA96FE02A35A2059146C5C0D90C75467EDEE6A1AFF21FF43CEE52BC2C21E2FFA72760D7825ED1E78C2CFC3CFA0A12E55DC4072460C8E111F128E4970D6433FED9064A937BEC67E446BCCB89F700CE19B98A581031BE64F01EDC5A4D228EE14DF327FCA0BACC93F4064FC758021713F325C015F91461D729E43E555C793410F1E190BDCAC5B664F1EBDCF2B940BAF4494BA04C7DC599760B5EE072307A45E6E809FAC87647E11C96C87ECEAB147A90F586A8AB7D728CD132441ECD30CAF1FC4FEEC38EB7FAF02FC3FF8E8148420000, N'6.2.0-61023')
INSERT [dbo].[__MigrationHistory] ([MigrationId], [ContextKey], [Model], [ProductVersion]) VALUES (N'201802081558003_Add_Users_And_Edit_Student_Accordingly', N'ModuleChooser.Entities.Migrations.Configuration', 0x1F8B0800000000000400ED5CDB6EDC36107D2FD07F10F4D4168E653B2FA9B19BC0D9D885D1240EB24EDA3E05B4C45D13912845A28C358A7E591FFA49FD8592A22E142FBAEF25411120B049CEE17066480EA943FFFBF73FB3179BC0B71E609CA010CFEDD3E313DB82D80D3D84D7733B25AB27CFEC17CFBFFF6E76E9051BEB63D1EE296B47257132B7EF0989CE1D2771EF610092E300B97198842B72EC868103BCD0393B39F9D9393D752085B0299665CDDEA798A00066BFD05F172176614452E0BF093DE8277939AD5966A8D65B10C024022E9CDBB445EAC3C57D1826303EBEA43804C1C4B62E7C04A8364BE8AF6C0B601C1240A8AEE71F12B8247188D7CB881600FFF63182B4DD0AF809CCC7705E35EF3A9C9333361CA7122CA0DC342161D013F0F4696E1F47161F6465BBB41FB56066A14736EACC8A737B11A6311BBADCD5F9C28F593393898FB9E091A5AF3E2AA3830611FB77642D529FA4319C63989218F847D6BBF4CE47EEAFF0F136FC0CF11CA7BE2FEA4AB5A575B5025AF42E0E231893C7F770958FE0DAB32DA72EE7C882A59820C347F74B8AE8CF6F69DFE0CE876524388DE2B788F8B040A0F144A7876DBD019BD710AFC93D3519D8D8D615DA40AF28C9613F604467131522710A5BBA9D3995B31A5DC83DF01AE1CF03DC58091F802BB902AA43B58DDFC530865F529420A211698F81AAB31191202BD107EA2D7840EBCC4B5ACD6CEB3DF4B3EAE41E457C2D13DCF5A968751587C1FBD0AF05425EF9694927A9CB223534B5B805F11A92EEBA8903EEA6A74E42ABB3DAB0497F4D6BDD587ACEA2C133E88067CF64534130CA928431FC0562180302BD7780101863B6AEC2CCAE6DD326B7155D0A1B56D1B393F18B68FFB5FBF4642BDD2E21CD59A8918A9EAF31797AD61B6511430F91641CC81F10C437AB2549BDC771401751E423E82D960B1A0C05D4CB90CE5480FB0F6D129452A59B88274C63959A0687CF147F2AA57E43E4FEE27AB4523188EE919B5C60EF12AF1186904F8691DAF5F662E7259AED01031668267600CB3353A3636AC3FEEFBF8A171DEC680DE74A9AD7D1B3673BCC81D96A46D51E101DB9E4010448AEC9900D5C10DD91F727DB44F83972641A4E8FF5F164E9777124D6A4B5B99D3F154DAA3CB65EA324AE5275DFAC9B8DAF5121DE405587951B95C92A4725CDBCDBDE738E891DC0842BA2A6EF6CEB146DD34DB52B1427A465B59DE4C641EDFA35D84DCFA680BB4892D045991595CB8EE2005C1FC025F6ACD6D3301F4BFD9C4A0745C30CD1F4D1A58ACCED9F14DB344117B3488196614F6D392E6FF02BE84302AD0B975F112E40E2024F93005005EA253494E92118B38BCC055D16E8E44098A8718FB08B22E0B7292F09F6BDA171CA8EE49A57308298057B9B67C66A50762419AECD4E334708B4CEF1A7B9D8E810304DB71C13C665C3F5C8D715A3E681EC235ECDDEEBA24DF395E58E2258CA614CB1644A68AAE02973EEEE016A488304D022B33AB488D46BDEC5E923834FEF872E1D5799F55EE32CCB11DB02A29EA74E1263B5EC5680E439EBA1C697A8751727EB73D8411126FA605CD7934717CF0EA90CA112302E031C13B8D11DFAA96AF91924C9F34F395A18DE1292DA54496CAB4A43A5F54809B73A40B545E840C4DDBC139019A41580F95427CE2FCF5A84F350D0C99733B1058245854E9E4F3B495870B7CE96E5372EA19DF143981C855D4E02A5F292079590EE92FB2B600A502DBE69C37EC6D07D486B344C5B823A20451D67B086A4742BC693AF6B546B3525435DD22141ED6AEE3418C390000930E55234D9E8F9CC338F5DDDA0DBB7E8A1E3AE6DCA0248BE6A741E737161506E0965DDCCE12CA1BC60E618E844B337208A105E0BF4A2BCC45A726ED1E2C9B23FE126E0188E9B687837A5B6654F248CC11A4AB52C083C985DFBBC0204DC0116BB0B2FD034E31BA061452E7AA9EF71AA938A95BA68CF7EAE7DA7D5737F3449428E70450715B00423BBF952825B15B418B70BF820D6F07416A19F06D89C4B9BA5F34FBD22405EA462CC1C497725A951ECA4E48175B377728AB8884EE01821D1E8EF9C26619389ABF3B56865F3A9DB8C249F8D45BCB673F39EDD37A1EB06BB6D1F2E13591C2A162FDFCE6C3561542C0B11A62AED8E54322D44A0B2B03B4EED3B998855ABE88E27712E4444A9AAC7583560FD5114EA8556B7A2B28F763AC02148120B438493AAFA68579031EADA15A53DB433D0316A6A1ADAF4D057F5B4C1CF7B5A52F9F9758205353BF0F65F4EF5622673169C0BD1A026A28719857F621331740C903D3AA5CCF127F04B7191D0DF354649E37650D1226AFB818968D18435F5425EDDCED627A3E9CED68C54DCC38938A6BBB9BD45103FE04D103EBAD36A87D8D18B4D6352138AF0E15E04128ABB63555FE245A8AA74C78E56CEDF7293B2F7F21C2E9DB767F9D9B7FD8D8F7218E64D6C8B9AE80179EC20BC7CA4F95D70CC1A1C2FBFF80B9A6BB0ABCAA2C11B80D18AA6809C2E629F9D9C9E494F840EE7B98E93249EAFB93B50DFECD4BDB583B73229465F528832DACA0AB17C7A0CF71A3F80D8BD07F10F01D8FCB885B73003CCB3D7F727AA7595CF1AD7D8839BB9FD6786706E5DFFFEA90039B26E621AE8E7D689F5D7448F5806E95387EAA155DF771A137A770A57B552BC7ABA447D20514C9726375C271F32CDCEADDB3885CCE6D2738A29E6EB6005B29715239F4D20B6AC8F7B34310442C3761D02A37D307187060C693482E1A1C43065C663681F480C53A6FE386290328D0F230669D5CB5BFD1E440C580977FC1461FBCB25D7525EA7E4D708D33E351860F72919FEDB37EA448B9E4CF01F94571420A3F29C3A6F7B901E1C621B798D8626B54312FBF6A34961B1F7C9FF553899993EC569623CDB7CD7E45A1DCB62308F780453771F5CDC6F9D2DFE7F2C1D582C7D4DECED82F1B45B66B5C2F719C6E51D143C464ECAB618D9DF0C079BF3C376C990DE679C18BE1F6C9359FDB5B0A965CE99EC341D67BA8132CDAFE9E7B6771752FFF26CCCC46E94C1C5BD46E940ACD475D2C04C3574D440B73677D00ECE39D70A342FD601E7E4ED6E2CED2692B60EDC44D4D452B88D0C6E1DB29EBDB94B72B78640DC91946CE0347F7DD4ED4334C18404ECFA7223B2493BF08E7584E5C361588BF3ADFA58BDFD61F52051AB1F6BE9FE23FCD946BAF525685D41B03FE288A15BDB79CA36D77815161BA0A451D144FE1C0209F0E8B6741113B4022EA1D52E4C92EC56F623F053DAE432B883DE35BE494994123A6418DCF9354206DB489BFACF98E2759D67FC3E3A996208544D4487006FF0CB14F95EA9F795E67EC200C176E8FC4686F992B09B99F56389F436C41D8172F39589C52D0C229F82253778091EE010DD68C8BE866BE03E16DFDCCD20ED8EA89B7DF60A81750C8224C7A8E4E9AF3486BD60F3FC3FDF72E642BD540000, N'6.2.0-61023')
INSERT [dbo].[__MigrationHistory] ([MigrationId], [ContextKey], [Model], [ProductVersion]) VALUES (N'201802081639468_Add_Role', N'ModuleChooser.Entities.Migrations.Configuration', 0x1F8B0800000000000400ED5DDB6EE4B8117D0FB0FF20E8691378DDB6E72531BA77E1EDB11746C6E3C1B467937D326889DD2656A27A24CA6823C897E5219F945F0829EA42F1A22BBB5B1E2C0618D8BC1C16AB8AC562A90AFEDF7FFE3BFF691706CE0B8C1314E1857B7E7AE63A107B918FF066E1A664FDC35FDD9F7EFCEE4FF36B3FDC39BF16E3DEB17174264E16EE3321DBCBD92CF19E610892D310797194446B72EA45E10CF8D1ECE2ECEC6FB3F3F319A4102EC5729CF9E7141314C2EC17FAEB32C21EDC92140477910F83246FA73DAB0CD5F90842986C8107172E1D910670F91C45098C4FAF290E4130719DAB00014ACD0A066BD701184704104AEBE59704AE481CE1CD6A4B1B40F0F0BA8574DC1A0409CCF770590DEFBA9DB30BB69D5935B180F2D28444614FC0F377397F66F2F4415C764BFE510E661C7A65BBCEB8B87097511AB3ADCB4B5D2E83980D33B1F8944F3C71F4DD27A576502562FF4E9C651A9034860B0C531283E0C4F9943E05C8FB3B7C7D887E877881D3201069A5D4D2BE5A036DFA14475B1893D7CF709DEFE0D6779D597DDE4C9E584E13E6F0DDFD9222FAF347BA36780A60A909B3C6E90F8804B040A0FA448F87EBDC81DD078837E499B20CEC5CE706EDA05FB4E4B05F30A2A7894E22710A5B969DCF2A61358AF00E864F94D9CF683B408CD5E40988929ECE5815A776E8E7288043245F2C3142FAC5D21CE216937717ED181FC10BDA6422D1A0B9CE6718649D4C10DC6C099279E4636EE228643F8912CFBA1E57F42C7A4C21237DFF0388379074A78931A98D263E464B13EB6AA229EBD7D1D459E539437A2B3B9B3601351FAABBDD144FE0C78A4431FC0562180302FD4F8010186366FD60C6D0364567FF3758B9F3B3B3035A39AE6FBD45CEA64D40E47ACB66C95CD993F80D8A13D222762B979BBAF407709895BB5FAB99CE7C40F8F721D76A397902CAC709E878B17E8A610CBFA62841649091AA161B71C5CA44F48132DE6A9C32FDBD568AEBB11825DC6C72A77AB72923FADEB8E286BBD1A99BA1A5591DD844BF66F4A89BBA206DE0099AF0E9B17614EC99EF9C57D4143658D10B0BB776FF27911567415D7605439810E619F4F2C62594650C7D44927120BF4110DFAF5724F55FC7015D6DB70182FE72B5A4CA5040FD1CD1930A70FFAD59412949BADFF238C458A2ECE0F09312D822EA1F883C5FDD8E262A06DB67E42557D8BFC61B8421E487612475BDA5D8D9443395A5F665808DCE674EC048E7940CB1D2C2D40399696B9682C7E046FA5A432222463FA608276A7C979CCF8FC590CA59A9F728DE89D46D2D9851E0CA910CB1DD484CEF18C65592441ECA6850E2763CC053DFCF35F69D96680FBF6BEB71197AE9D22386A8B9F628110BF72F0AA3CCC0C57604601E68A9439EBBF279BCC7EF61000974AE3C1EE55E82C403BEAA3794377EBD851E61EA7062168B5F52E950A3803051CF3BC21EDA82A09970695A8FD80B23AD5C44EE790FB71033A137CB63DCEAE52212C3DAF8339F098AD559DF3295EFA016F5236051DF6AC74700E66771C2FA2612DE45E2C690F6207D13E5316EF543E89BF2A8362A86F9852DE89C108FE9A173C6A7B9023D41BD3311DF45F60D519F1EBA6792CC580A0EAB7F9A60490785698A9C58D4CB8690CBDBD251F3468EA1AF66E975A1A6390C7A200D965C66932E99FCE74A79CA275E77053578DD0268E1C84F4D23F5947711FA48E5D3CBA1CBC2D543EEA87AD6E816EA9F455674EC6D79833AAA0FE40AEA6430313F90BF7EE91C4267C0B854704CE04E1763A2A4E561A6248F01CBDAC2F05690D48E4AE23AD5335BB2478ABAD501C4B78B822176B6E03089E8C8E04FE696C94C20BAC95CE3DB76505E723A08D11FE90464066905C8F55187509A030942501B9D4CF25C176194211D46D6E4F67849497C5D079433D11E201190722D902D4D7D97FD38C075A09103AAA1EEF4821FC5819A91169072551ECF01F51BAC8607CD6FCA8EAF4A910FE2596A6284F11DA980596686EE436F2363DA1E3B039E3BE318D6F0C0D90BF3E448B3CAAD26C7BA8B6B2D905D99C00666189C6901A6BCD6ACEDDE6446CCCE5EBBBB3774DFB66C47115C2FDD8BB26F3EE3C9E179C37C66C8229FDF81ED16E18D90559EB7382B9E52BEFC61D53FCF3AE418332FD1A45B97D4962B9128061B28F53225F0619682F51E10F00498EE2EFD50338C3B5386BBB958A5EE2FA9422A2EEC623CFBB99647A04FF9D6389C39C20DDD54C89CD5ECFB98A2DCEA4487A5F48300C49AF4EC6514A42136BFCBCCB3F3540411206F5231E6338976C54156F8A4BC29EA6CEF2414E1F6B52017335A07D9344D3671B8784E882C363D31CC28C5C71011C5F481E46892E2FE9D0521E99CD60EE2D14FB3C352130A4FC3143178CB6484C2AF0D0B42D1DD811D84A29FB6DFD322A4E68A40427377AC2AD75684AA5A272368D1D9B46128ABA7F10043D930D9C4E82AA62D32DA1CE93623C9F16811AF2D567D64F15914DD60B11D43646236A68AC5DBF7E3D59830AA6C4911A66AED8E54664C8A406563779C5A2A948855EBE88E27E54E8A8852578FBD6AC0FAA32829945ADA8ACE3ED4E900872049D994229CD4D587BA22A9B24E5DD1DA833A435A658D4CC3981EF4AA9236C8F94826B57C765BB0A94588B6BF5135CE345A9E2AC9B2667A4C699B4D58B66D46F5F1AD2E77D3273933523F4F6FAF1AA4444AE421E5EA65C4448A8CCCF328457B11BE12B6E0435C87B2E705F92C64B17AA5374C78CA069CAEBE064B6AEDD8B78162C01DC0684D2F219E04EC5E9C9D5F4835FCD3A9A79F25891F68A23C6A517D5D5A0728664F31FA9A4294A521AF11BBD1C75471E017107BCF20FE3E04BB3FEFA1587D007B0E5E20AE7254F980798B7DB85BB8FFCAE65F3AB7FF7CE41027CE7D4C55FBD23973FE3DB2C61C69B3F3D585F9AC1E0BF72BB81E20303BA5CED9FE5B93EE7BB2983F75EBAADEC4E5DBE44BA60C97CE439C42C65AB9BCC962A1B3B5B3315EE16DF35DA931EE63675438B96E783F56CBF0F67F03F5B7832C580132CA86E98B7807D15387DA8781D366851EB83E74FF674F2D101D6DF92EDA0C5F472F638FA657A5402E1BCD2E987145A343203485604360B405A34F68C0964623180A458711331E435B203A8C987A71E820621A0B430751D54B5ABD0B420718439B7598FB378796CE9F5C8639E88A2B40465DB9C778BCD82F78E4298087AC42D425BC0D2E781B94546CF83CBCE702C66FA76891673B1D3277FCF83A63F87ABDE722C4A9259C8F2F3C3C749D952E49727049D988A2AD6394657DEB85837FE8D2C474E92D15F21509CB872DB253D2758795750D521E634AE9BE8AF3BE9972BC633A3C87D79343BA3A7D346502857572CAB82C345DF95C43F51CFF76BB70FDA788CA97BFFA4CC5093278E7D23ADD22557FFB42FC41A82CC19B75E0FA322D19961F21059637EB60F5F50B0A5B842B58658BD0A9658BB9DEC6B05043399F798176F0F2802BE8658F0EDE542772804240514BAA64EA6EE56E1D8BE58E5DE9276A6C959A7CF42DEEA7944F532ED6B104CD50C1F6F60AF5A6C8028BE576F5DB49AC1DEA5065A62B4F9B4E3D5DFF936A675B3D4AE6D4842FEAAE087F9B857A4A09DA5410EC2FB560E8D51C9572CC2D5E4785BF2451540C913F4E42027CEAC55CC504AD814768B7079324FB46F22B08523AE49A1A29FF16DFA7649B12BA656AB4825AAE1FF3BB9AD6CFEA02EB34CFF9D7A1C4C6162899886E01DEE39F5314F825DD379AB0B901823974F9270E264BC23E756C5E4BA48F11EE0894B3AFF4431F60B80D2858728F57E0050EA18DAAEC07B801DE6B91B767066917449DEDF3F7086C6210263946359FFE4A75D80F773FFE1FA5A16B06A2680000, N'6.2.0-61023')
INSERT [dbo].[__MigrationHistory] ([MigrationId], [ContextKey], [Model], [ProductVersion]) VALUES (N'201802081652112_Add_Membership', N'ModuleChooser.Entities.Migrations.Configuration', 0x1F8B0800000000000400ED5DDB6EE4B8117D0FB0FF20E8691378DDB6E72531BA77E1EDB11746C6E3C1B467937D326889DD2656A27A24CA6823C897E5219F945F0829EA42F1A22BBB5B1E2C0618D8BC1C16AB8AC562A90AFEDF7FFE3BFF691706CE0B8C1314E1857B7E7AE63A107B918FF066E1A664FDC35FDD9F7EFCEE4FF36B3FDC39BF16E3DEB17174264E16EE3321DBCBD92CF19E610892D310797194446B72EA45E10CF8D1ECE2ECEC6FB3F3F319A4102EC5729CF9E7141314C2EC17FAEB32C21EDC92140477910F83246FA73DAB0CD5F90842986C8107172E1D910670F91C45098C4FAF290E4130719DAB00014ACD0A066BD701184704104AEBE59704AE481CE1CD6A4B1B40F0F0BA8574DC1A0409CCF770590DEFBA9DB30BB69D5935B180F2D28444614FC0F377397F66F2F4415C764BFE510E661C7A65BBCEB8B87097511AB3ADCB4B5D2E83980D33B1F8944F3C71F4DD27A576502562FF4E9C651A9034860B0C531283E0C4F9943E05C8FB3B7C7D887E877881D3201069A5D4D2BE5A036DFA14475B1893D7CF709DEFE0D6779D597DDE4C9E584E13E6F0DDFD9222FAF347BA36780A60A909B3C6E90F8804B040A0FA448F87EBDC81DD078837E499B20CEC5CE706EDA05FB4E4B05F30A2A7894E22710A5B969DCF2A61358AF00E864F94D9CF683B408CD5E40988929ECE5815A776E8E7288043245F2C3142FAC5D21CE216937717ED181FC10BDA6422D1A0B9CE6718649D4C10DC6C099279E4636EE228643F8912CFBA1E57F42C7A4C21237DFF0388379074A78931A98D263E464B13EB6AA229EBD7D1D459E539437A2B3B9B3601351FAABBDD144FE0C78A4431FC0562180302FD4F8010186366FD60C6D0364567FF3758B9F3B3B3035A39AE6FBD45CEA64D40E47ACB66C95CD993F80D8A13D222762B979BBAF407709895BB5FAB99CE7C40F8F721D76A397902CAC709E878B17E8A610CBFA62841649091AA161B71C5CA44F48132DE6A9C32FDBD568AEBB11825DC6C72A77AB72923FADEB8E286BBD1A99BA1A5591DD844BF66F4A89BBA206DE0099AF0E9B17614EC99EF9C57D4143658D10B0BB776FF27911567415D7605439810E619F4F2C62594650C7D44927120BF4110DFAF5724F55FC7015D6DB70182FE72B5A4CA5040FD1CD1930A70FFAD59412949BADFF238C458A2ECE0F09312D822EA1F883C5FDD8E262A06DB67E42557D8BFC61B8421E487612475BDA5D8D9443395A5F665808DCE674EC048E7940CB1D2C2D40399696B9682C7E046FA5A432222463FA608276A7C979CCF8FC590CA59A9F728DE89D46D2D9851E0CA910CB1DD484CEF18C65592441ECA6850E2763CC053DFCF35F69D96680FBF6BEB71197AE9D22386A8B9F628110BF72F0AA3CCC0C57604601E68A9439EBBF279BCC7EF61000974AE3C1EE55E82C403BEAA3794377EBD851E61EA7062168B5F52E950A3803051CF3BC21EDA82A09970695A8FD80B23AD5C44EE790FB71033A137CB63DCEAE52212C3DAF8339F098AD559DF3295EFA016F5236051DF6AC74700E66771C2FA2612DE45E2C690F6207D13E5316EF543E89BF2A8362A86F9852DE89C108FE9A173C6A7B9023D41BD3311DF45F60D519F1EBA6792CC580A0EAB7F9A60490785698A9C58D4CB8690CBDBD251F3468EA1AF66E975A1A6390C7A200D965C66932E99FCE74A79CA275E77053578DD0268E1C84F4D23F5947711FA48E5D3CBA1CBC2D543EEA87AD6E816EA9F455674EC6D79833AAA0FE40AEA6430313F90BF7EE91C4267C0B854704CE04E1763A2A4E561A6248F01CBDAC2F05690D48E4AE23AD5335BB2478ABAD501C4B78B822176B6E03089E8C8E04FE696C94C20BAC95CE3DB76505E723A08D11FE90464066905C8F55187509A030942501B9D4CF25C176194211D46D6E4F67849497C5D079433D11E201190722D902D4D7D97FD38C075A09103AAA1EEF4821FC5819A91169072551ECF01F51BAC8607CD6FCA8EAF4A910FE2596A6284F11DA980596686EE436F2363DA1E3B039E3BE318D6F0C0D90BF3E448B3CAAD26C7BA8B6B2D905D99C00666189C6901A6BCD6ACEDDE6446CCCE5EBBBB3774DFB66C47115C2FDD8BB26F3EE3C9E179C37C66C8229FDF81ED16E18D90559EB7382B9E52BEFC61D53FCF3AE418332FD1A45B97D4962B9128061B28F53225F0619682F51E10F00498EE2EFD50338C3B5386BBB958A5EE2FA9422A2EEC623CFBB99647A04FF9D6389C39C20DDD54C89CD5ECFB98A2DCEA4487A5F48300C49AF4EC6514A42136BFCBCCB3F3540411206F5231E6338976C54156F8A4BC29EA6CEF2414E1F6B52017335A07D9344D3671B8784E882C363D31CC28C5C71011C5F481E46892E2FE9D0521E99CD60EE2D14FB3C352130A4FC3143178CB6484C2AF0D0B42D1DD811D84A29FB6DFD322A4E68A40427377AC2AD75684AA5A272368D1D9B46128ABA7F10043D930D9C4E82AA62D32DA1CE93623C9F16811AF2D567D64F15914DD60B11D43646236A68AC5DBF7E3D59830AA6C4911A66AED8E54664C8A406563779C5A2A948855EBE88E27E54E8A8852578FBD6AC0FAA32829945ADA8ACE3ED4E900872049D994229CD4D587BA22A9B24E5DD1DA833A435A658D4CC3981EF4AA9236C8F94826B57C765BB0A94588B6BF5135CE345A9E2AC9B2667A4C699B4D58B66D46F5F1AD2E77D3273933523F4F6FAF1AA4444AE421E5EA65C4448A8CCCF328457B11BE12B6E0435C87B2E705F92C64B17AA5374C78CA069CAEBE064B6AEDD8B78162C01DC0684D2F219E04EC5E9C9D5F4835FCD3A9A79F25891F68A23C6A517D5D5A0728664F31FA9A4294A521AF11BBD1C75471E017107BCF20FE3E04BB3FEFA1587D007B0E5E20AE7254F980798B7DB85BB8FFCAE65F3AB7FF7CE41027CE7D4C55FBD23973FE3DB2C61C69B3F3D585F9AC1E0BF72BB81E20303BA5CED9FE5B93EE7BB2983F75EBAADEC4E5DBE44BA60C97CE439C42C65AB9BCC962A1B3B5B3315EE16DF35DA931EE63675438B96E783F56CBF0F67F03F5B7832C580132CA86E98B7807D15387DA8781D366851EB83E74FF674F2D101D6DF92EDA0C5F472F638FA657A5402E1BCD2E987145A343203485604360B405A34F68C0964623180A458711331E435B203A8C987A71E820621A0B430751D54B5ABD0B420718439B7598FB378796CE9F5C8639E88A2B40465DB9C778BCD82F78E4298087AC42D425BC0D2E781B94546CF83CBCE702C66FA76891673B1D3277FCF83A63F87ABDE722C4A9259C8F2F3C3C749D952E49727049D988A2AD6394657DEB85837FE8D2C474E92D15F21509CB872DB253D2758795750D521E634AE9BE8AF3BE9972BC633A3C87D79343BA3A7D346502857572CAB82C345DF95C43F51CFF76BB70FDA788CA97BFFA4CC5093278E7D23ADD22557FFB42FC41A82CC19B75E0FA322D19961F21059637EB60F5F50B0A5B842B58658BD0A9658BB9DEC6B05043399F798176F0F2802BE8658F0EDE542772804240514BAA64EA6EE56E1D8BE58E5DE9276A6C959A7CF42DEEA7944F532ED6B104CD50C1F6F60AF5A6C8028BE576F5DB49AC1DEA5065A62B4F9B4E3D5DFF936A675B3D4AE6D4842FEAAE087F9B857A4A09DA5410EC2FB560E8D51C9572CC2D5E4785BF2451540C913F4E42027CEAC55CC504AD814768B7079324FB46F22B08523AE49A1A29FF16DFA7649B12BA656AB4825AAE1FF3BB9AD6CFEA02EB34CFF9D7A1C4C6162899886E01DEE39F5314F825DD379AB0B901823974F9270E264BC23E756C5E4BA48F11EE0894B3AFF4431F60B80D2858728F57E0050EA18DAAEC07B801DE6B91B767066917449DEDF3F7086C6210263946359FFE4A75D80F773FFE1FA5A16B06A2680000, N'6.2.0-61023')
INSERT [dbo].[__MigrationHistory] ([MigrationId], [ContextKey], [Model], [ProductVersion]) VALUES (N'201802081703524_Add_Logins', N'ModuleChooser.Entities.Migrations.Configuration', 0x1F8B0800000000000400ED5DCB6EE4B815DD07C83F085A2581C765BB3713A36A069E6AF7C0885FE8724F9295414BAC323112552D518E8D205F368BF9A4FC4228510F8A0F3D285695DC08BCB145F2F0F2DEC32BF28A97FEEF6FBFCF7F7C0D03E705C6098AF0C23D3D3E711D88BDC84778B37053B2FEEE7BF7C71FFEF887F9A51FBE3ABF94F53E64F5684B9C2CDC6742B6E7B359E23DC31024C721F2E22889D6E4D88BC219F0A3D9D9C9C95F67A7A73348215C8AE538F3CF29262884F91FF4CF65843DB82529086E221F0649F19C96AC7254E7168430D9020F2E5C5A230DE0F2398A12181F5F521C8260E23A170102549A150CD6AE03308E082054D6F32F095C9138C29BD5963E00C1C3DB16D27A6B1024B018C3795DBDEF704ECEB2E1CCEA8625949726240A07029E7E28F433139B1B69D9ADF44735986BE82D1B75AEC585BB8CD2381BBAD8D5F93288B36A3A151FB386478EBAF8A862072551F673E42CD380A4315C609892180447CE7DFA1420EF6FF0ED21FA15E2054E838097954A4BCB1A0FE8A3FB38DAC298BC7D86EB620457BEEBCC9AED6662C3AA19D7868DEEE714D1DF6F69DFE02980151366ADCD1F1009608940F944A787EBDC80D76B8837E499AA0CBCBACE27F40AFDF24901FB05233A9B682312A7B0A3DBF9AC3656AB09AFA30DC20616CCDB4DC080744EC698FE36DC8C754BAD294ECFBE1F6F0AB9E77B9024FF8A627FD724508F79287D6FC10BDAE4A45080B9CE6718E485C933DA329FC9B8F1C88A3FC551F8390A4AA6E54F1F5774FA7B99E223A9E801C41B480CC9CCBA1CCCE5ACD944A86CE28F7A199553C78A4431FC1962180302FD7B40089D08995B83B93EBB38F409C509B96D9F383BA2EF35D84FCFBD097703C3274A0F4A7D03DAD58D274B3E65D56CCEEE8CA7ED0428BB661057987C381BE1C03234A503AB2DF3C8EAD45E4C28925C9958AEF267464E9503163DAB50D426D3781FCB143298EC59B309D0DC94BBFD8867CFC97678B9D393937D7AB9DC6AD708FF6AE2E5AAC613303F13A0A79FBB8F610CBFA62841C488337567233C9E288495951B934CED662A733D96B538472316CAAE46AA31D401F203EE27A7AA855266B9629BFC8ADAA31C67299AE10C9AF0ECB13615ECF9CF4257D415B678D1330B4E74F8FEDE8AEF96BB5DC11026245B180C5A1C0928CB18FA8824E340FE09417CB75E91D47F1B0774B1DD0608FACBD59292A184FA29A23315E0E143B382528974B76541B5B142D9C1613325B025D4DF1179BEB81A2D540CB6CFC84B2EB07F89E90E1F423619464A37D88ABD5D744659EA5F0C7C74D172024EBA90C4C44B734DF7E4A6AD790A16501EB9D6B21A1D2B63E38AB54BA1E7C7B24ABD58699648AB13A1D8DADEB2C4153796FC73AD3083B794174912792897810F42B3DE9B43B9C4BEA38F1EB2376C1571A46F593AA710F5CF1EED75E1FE45D28C12AE149D83637A68A29DBAE2DCBBC31F610009742E3CF6796609120FF88A5034EDB7F9844E57BAB8C4D947A425B50475000813796E23ECA12D08B4320B2D8605766615BE58F2116E21CE6CABD5FDB88E2B7C414D5D5A99CF38EAB4334A8CE0E878A00DE7D464E0637CFD09A68B0371C02C923235966904EF637175706510D534F618D7FB7EF9D6EAC6B4A13A8B7C7B5F5E4D23F89E5C9BC61ED3F76F5298464B0C7DCC86E31C17E11BC0396DB047829E20EF74C2F7B17D4B1C7100F77496192BC17EF9A708BFF5204C5B2CCE222F5B8278EF8BA3FA811C82AF7AEBF591A63DB0BE27060B9B301D97743BB29A3C55D0A03F4135FB380EB4DC1A4E8D916AC9FB187D24F9D476E8D3711D1A3828CF5A9785EA8DB6158EBDAFD5A04AEA3D2D05553698D83A90C553681B425BC0B8223826F05515B5A4A21581CBA4F8AA20B225C35B41D2982A89EBD4811BC11F49746B02E4910255FB2240D3D13C53A5AA35E36A47637EDF2421F0851D38191B5442B0ED7A9710D53B5205C12F677A01E9413A010A3AAB102A6F224070AC134C5A4406B90AF2513F91FEADB1BB4ADA9A33D2FC698DD67100056B4487D41C4D8F914AA77EE4E1B686957A059638B9F59CEC1549E2900ACADAD480CEE0AD818E5EA18E511AD83907E4E30F0A1DB46FBE7B6EBF793DF05EA34D11DA0DB704665919AA3316AD8AE9DA151AEC0BC729AC6527B813E5891F79646DB5ED40FAEC4138B16B67DFA20CCDAE8383A9DEFFD646AF7323FA5571F7BAD874DCB67C47F95DAB5A875565F3194B322A1ECC679A6CA4F90DD86E11DE70D949C51367C5529396DFAD86E7EB840C63E6258AB49D4ADAAA2712C5600385D28C043ECCCF787F04043C818CBB4B3F545463AB4ECD2AA4ECA5B9B0948D542E4DCAFAD9EF8D233CEAD421C5CABC40F844071566ABFAFCD3B4446EB9A193A5868100C48A349F6514A421D66F60F5AD8B53403C40F148C698CF04D9A59D84A42769F3D5547B2FA3140B2F0B3661ABFBE126D1B4D3E9B4CED8E1D5AACB006A43AA337078A4FA697FA472F7274AA466CB812CCD3C9C0543ABDC750F3BAB9BD951A90E854B53E181B8C7FDB1EABC131EAA7E3A1943730B6A0BD6D6A3F5B0795BE3DD5ABEFC10CCA3E83E0E1FCC526CCB66C148AA7D680FF3A89BD951A90E459E42539B3EDCB6C2C6FCA9C33D06F3A7A5B14EC1F5671E5EC9FA8F3F7A24F1134DE335D9F1F9E6C0E6B3683A63B31DC264FC9177198B3DDFCDFA5587511F49E761EAA7FD91AA63E93C50F5B03F4EE3BC298FD528E88F271C50E71185A2016355800D4791CEA92B652B0B8748A7023441128EACF37042D110E9CA93EB4DE9CAA703A4D39C5D6F88A9A933405ED9D21A3B1FC8A55601160B3EB5FCEC30DCA96A5B6A3D4F7D92BDE17A7467E3DBB06CFB8CFA7B74D3EEBAAFD47AA409ED3DA5989858A5EABD8A8D0931B079118FEABEB6470A50B12AAE43D5F382FC2C38B57AA36F98F038AB70BCFA1A2CA9B7CBBE7795156E00466BFA12629916EED9C9E99970EBCF746EE09925891F28E279F2353C4D6BEDE1FA9B14A3AF294479AEC71A656FF431A972F805C4DE3388FF1482D73FDBBDDEC64033F6EE9529C725DF2C33F2DA98210A538BD9664AE930C115F6E1EBC2FDB773957CC96B9F3B0F710A9DFFD8B295E284CC1EEF4D9135D099DB3450E3D2C529E30C285E86B293F9A38BE24CF452912134CEDA9F3B57FF78641047CE5D4C5F0DE7CE4927A365299AD74320650AA1DC316B35A0E36197741818CCCEF518F9F86DCF1E15D58779293107DBFAE518060A3FE8851446B3A50419355FD4B75A18C9D384DAC564521E6ADFF38509BB7F3BC937268C9E65675D93ACE78A7087D35C9640BC47217766E36E5130815064469BC0286F50784206431A8DA0B939C14C98F118CA1B13CC8469DE9660244CEB4D0946520DB2D6E01B120C9CA1CD8B0976EF0E2DCD3FF15E02A3575C0932EA957B8885B2D51B00D851B27D66300807904D6E1C304A82D09CB2D85D6EFFD4F21CCCF3F9D9C1ED7D26D9AB8E291BE7731BD145730260C7F9F9DF4E4EFE211DCBA138B34F17339033EF2AAF7EDF69C4AAA3EDC619D32372920F9175FCADE7C5FF9F4B13E3D27BCA532FD34CF69B432E255998652D1B91479B08B0ABDCF36F26DBFC900B9EFDF3649F4B9D214C9940DEB898E8231A4D951DDE921CCECE612C5CFF29A2F66551015D4A99085EECA725ECE2B90A5A9D38AC4C2AD7E694AB70D5F960226CEF74735517757977476C072B75C11EABC0D5D9C092FCDCCB5D969F2B54CAAFCFBFD474D492C8AEEFA01BBC721D127A55A282D7E50DEE2C059E27619D12D399F32E27CA4F2DCF9D67679D58D02F9BBB672EF8A113D987DB6E2F43DC4DA6BA221BBA6786B52641FBFDE5A14F510516B3C99BAF713E35B64712B52AFB7A3AE9E2C367AA9D610DC808974FB9D2751DF72F2CE99232419B1A22FB8796187A8D155D55E70AAFA372612948545611BFF243027CBADCBB88095A038FD0620F2649FEB1F11710A4B4CA257552FE15BE4BC9362574C8D469058D03CED902B5ADFF3CEDBD29F39C7D664D6C0C818A89E810E01DFE2945815FC9FD49F1FD490391AD7C8B6F85992D49F6CD70F35621DD46B82750A1BE6AC1FE00C36D40C1923BBC022FD044364AD96BB801DE5B7958590FD26D88A6DAE71F11D8C4204C0A8CBA3DFD9372D80F5F7FF81FBCCFE438C9750000, N'6.2.0-61023')
INSERT [dbo].[__MigrationHistory] ([MigrationId], [ContextKey], [Model], [ProductVersion]) VALUES (N'201802111638201_Update_Module_and_Courses_Many_to_Many', N'ModuleChooser.Entities.Migrations.Configuration', 0x1F8B0800000000000400ED5DCD6EE4B811BE07C83B083A2581D7B23D975DA37B17939EF1C288FF30ED5924A706DD62B785554B3D12E5D808F26439EC23E5154289FAA1C82AFDB75A5E0473185B244BC5AAAF48568955FEEF7F7E9BFDF4BA738D171A848EEFCDCDF3D333D3A0DEDAB71D6F3B3723B6F9EE7BF3A71FFFF887D9677BF76AFC92F5FB10F7E323BD706E3E33B6BFB4AC70FD4C77243CDD39EBC00FFD0D3B5DFB3B8BD8BE757176F683757E6E514EC2E4B40C63F625F298B3A3C92FFCD785EFADE99E45C4BDF56DEA86E973DEB24CA81A776447C33D59D3B9C97B442E5D3CFB7E4883D3CF9C0E7368681A1F5D87706E96D4DD9806F13C9F11C679BDFC1AD2250B7C6FBBDCF307C47D7CDB53DE6F43DC90A673B82CBA379DCED9453C1DAB1898915A4721F3772D099E7F48E563A9C33B49D9CCE5C7259848E82D9E7522C5B9B9F0A3209EBAFAAACB851BC4DD30119F8A812706DC7C92A3838328FE77622C229745019D7B346201714F8C87E8C975D67FA36F8FFEAFD49B7B91EBCABC726E795BE9017FF410F87B1AB0B72F7493CEE0DA360DAB3CCE5207E6C3A43162763F470EFFF98EBF9B3CB93447825539FCD1612ECD28703C71F3308D5BF27A43BD2D7BE62223AFA671E5BC523B7B9292FDEA39DC9AF8201644B4FEB577E4C5D926EA50181042E738FF42DDA43D7C76F602EEA7A26D25F4C3BB5C05FEEE8BEFE6A3B296D52309B694F169F860F392FFBF56789A5905802A612568758095783C01580906BA80AB1859093149284BE607F467EAD180306A3F10C668E0C528A5895CEBE098CA8A03AB029317678340B2A5259C9F1DE4B54BCA77002EA4ECCDD71EFB70D19ACA22A0B6C3C27E44FE414970BF59B2C87E6B4908B5EEDC74FB587766BE887567C6DFC9BA6FFCADE37530EE64DC046C9B9F02028FFFD4DEB68B9138E42FBE3F04E41F4818FED30FEC11B61D60CE6D374C14DB313110D8093656A2B90075F15403B4D4D40BCCE295ADB11C0F9B0894BB6C528D943ADC1675E50421BBAB369C03C1F7868CF3E6E66723BA7BE2F0E0D0EF723ECA074F167C60D7D8660F86D36A0064AF1E66738EA9C13B73AE9995E8236DCDE5267D6F56DAA1F5ACD3A22A11565756A5A98AA7FE6BAC10486BB0C7C32600F3AED86D06BCE116D99A556E90B3784B0FF0C6F17EEDEC05C68327A07ECC13043B3F0434A0DF222774D8219DC79AB3A2C2C42027B7CCA5479D92585DABAC97EA97488D886B22F768BB00CA136EC6273402E459EF58C53FD0BBD7C219FB95DCF83B98503A7202F69372D2C51AA4A1231D54BBBBF3A013DFD3900775BDB2502F6018A99C575997C212CA2D1AF495E6C10E2E195DF5D4223F4799697D5EF91886FEDA4978282D767998A53C9DCF9E6D54C75CC4165C2C397C1FE6C6E5ECB939F1D7CFCDBF68224269E651DA8266A6A54A9A334B9A55F56425D71B630AF2C30B86D27850F33902BEBB444E28BD4CEDDC54179A7BEF137529A3C6C7B5F8B4B220E19AD8405087BFB7FC84AF4D7C99F6E20F400B0E3BBEDA391ED31732C75B3B7BE2A23C2B23DAB948564E5F6DF944F7D48B818CCABEDF8B73FA8A98EAA4D20251AA2F84621D738C240392BCE516468478541261E1934C0D6508E34D340EBB29ADA086E8A3DFDBC7C55BE532863ABD03E2ED7DAD6A08E3232D6D883EA6BFBE690E4FF56E0E7A3FEA2141F8CA6D0F0A90DB547BFE9800EE30E69BE8BEC2236F813D4C337D3918177F8023DB0030555EED80B8AC7087DF1746F1891C03AFB8F69A70531DA21A09C18AC7896109733F0BF0E41192E600459CD65A0FEBF88884396FA2F49EE083F5D0E4C5451CE4A838AB3C16C251854130F6BE4E8310D7231D05211D4CEC1C2882477C0CE323689003DC63F4150AD172D6D2286D987E5B51D112D35B52A6DEFB29A254CA7AA4C1AD4C20BF16A811C8B6D81A0249A8011A9F46786A86C7BA80460BB0D7319FFB02E00424B7AC86508C27888470F81B8930DE6571318A03510DA114CF10957C39514848B053192A2E7C499DE02B61AA1DD4462B73CE250069D6541B9F94A8E4BCAA8B5479820D262F5F0AD2278EC52DEB229712AB19E02BE60BC42A250229E47BCF54BB3D00E8B92AA8D628AC266B5AB6B62A6D23813489546A6F438A00D378659CA751A4A79F080E8E02FD432A66EF68F0A161F841B3FA74CDABB57C28E050BF84F41306F4B5B65230755E7107BFB89FC02A3CE183084FFDA2A74BABCA036BE283496C177B5D853010AFEB20FB46F9F3213EF79A4504F40BBACE7BA8B523FB88999F43F3B6992512A4D207330BC9A49ADD92FDDEF1B6526655FAC4588AB4AAC577CBF6B9463B41C35A97CE20EAA9397F13F303B2A54A6B0C029B26B7453F11469E488CDD85BD03BA8953377208CBDE523E58EB4ACA4E6659FFF8E75252059CF604782629852B3EA95DECD524F7103470EB038D38AD8DB82400529416BE1BED3CDC81C747A779193281F4914E636629BC6B9E942627CDF92C8BBD9152B2B56E00A5C02B7C03A5600331B116813C59B27878AF8E92C8D9D16989E787513746A3C8A991C9144F9B53CAF36A6442F9C3E6744A7771645AA586C9003AF52506C0B3F0B6DBC3191987C9B7486691858B25C754512A9253644AC5D3E694B2708ECA116C5D47D2B4D8B207503474FE68A06778D83022C5A848191C3221E971735A454A864CAA783A1945CB2EE210FB5411C4EAB057550C3EACEAB3AB1D3215ECBAC7D15425A2100328098AAD34500F3C6C18916254741B9A9AFD488EF260E7BC24FCDAF5AC070F3EFC794FFDE85ADA276B3EC81E4D7DB97F3B80EEB2A0777BC5A123D1936C716BBC7494C5EEA157D1EA7A0645CFC6F9E7D0D2E118FD488A539AD649A91CAE805681E21346433B2F06C0A68C07AE402B56BF7BE8226ABD04ACAA2E76487CB46611FDF4DA28549046D8DAB1A5469C742D6B8127B54B8EB13C00A5049A6669D0E7B6B6AE8F1605125D4C83F3FEE2D8710468F9C6FDD2DD69DCE174F9CD5DB84EF24D2DEB704B3C67C35D5791BB625E9C9D5F286581A653A2C70A43DB0582667A9D9EB2CA46A88F1379CEB7883A49F6CCC689E3007D2A84782F24583F93E04F3BF2FAE761330D8F5BE34517536D1E524B39EA455E326102370FAE3D9BBECECD7F19D7E1D784B34BE33188A8F16FAD24CC10DAECCC409291DAB3F48B131B7DBFC22F5D48007962F5645A1658E980E8E12A9B14CA556B9BF42C5CD2660D80D9AC32BB36481C4657C0CDB2112B771C7EE1D14A77F453A05A8EE3305B02122B9968598B36308EC75F1AD77F5F091227C67DC04F3B97C6592DA2752ECA050A1C30CF587FB118D5E2C5EDCA447450D830051A92F90F6D3D10D40FB85F7629CF30E0C109EC3C7449844ED69211E9652F705D854EFC94491DC298C0B0C9F819FB87DFA03A1DC58043A192B0DF49AD19915E303BC6E6D072E1E8EE8ED6474EB01C0220A0D174F1580DB8860CB3944853EA0DB7D5209AAE2B8200C6CDB4CB6E632776A9EFCFEEBB695C342A9A60F4CA141B3B170CBD8BD4C5EAC64B5BAC8C724A0A055439425ED63400D542B56343A932BA3C02881A542B11D73EC7CCB652D205BA5447E98413E402C9E1EA904C2D27AB7BED1191663166411028A5A073ED894E7041EE361CB896C8EFA77EC8311796636166CC25A62566DE550D90639F8C45D662C7EA0EEFE8548C5C0FFA5DD5F0F83F962686A5F75453E3D87E559EFEDCA5C2C2C4BD29FC96DBFBAC8C71CC03CFF83819F3A8D3062913A871A126E5A94A832A595414B210D7B9E6A6FDE473FD8A582596FEA912CFF63B8D78D60011C7326B55E2A9B3AED14E9F43A4E11A0260710CB4360644174E0CD5A4219DFF7589488DA054F01478B0AC065A5503220ED70580B5294E0E88464523AE5530111B2BC851558F037A0596E38B4C04457EB9199F0C66050D8A83E429CA753542902BB0C03153BB74DB20DFBD2C02FDC2EE509501B41224B5D386AFD5024723897598E9A34C7B806A28F22254A492D5963FD16BA64CADE489BC3A15F938CDCA7A205541A656D2A4BDEE4699E2614A96745B7AE46D444DFA79770549A6288201CB8A745B6B955DBC94203499BA21ED2D759869B5280DA2676270A741FA3BCCDC5F099D6D4122FEABCC1E5D97DC85BCCFB5B7F133AF45E128EBA25ECBA08CD8DC97F818306743D68C37AF6918267FB2E817E246BCCB67BE48D9D7DE7DC4F611E353E68B965B4AB58ABD9FAAF727F54FCA3CCFEEF7C91F9A18620A9C4D874F81DE7B7F8D1CD7CEF9BE02AE5C202462B72ABD0815EB92C517A2B66F39A53BDF6B4828155FEE0D3ED2DDDEE5C4C27B6F495E6817DE38646FE896ACDFB2841A9C48BD22CA629F7D72C83620BB30A5518CE7BF720CDBBBD71FFF07DD2866CA8E7C0000, N'6.2.0-61023')
INSERT [dbo].[__MigrationHistory] ([MigrationId], [ContextKey], [Model], [ProductVersion]) VALUES (N'201802121549586_Update_Module_and_Courses_Add_Many_To_Many_Table_With_Compulsory_Tag', N'ModuleChooser.Entities.Migrations.Configuration', 0x1F8B0800000000000400ED5DCD6EE4B811BE07C83B083A2581D76D7B2EBB467B17B33D330B23FEC3B467919C06748BDD1656A27A24CAB111E4C972D847CA2B84FAA7F8278AA2D4EA2098836D892C16ABBE228B2556CD7FFEFDFBF2A7D730705E609CF811BA72CF4FCF5C07A24DE4F96877E5A678FBDDF7EE4F3FFEF10FCB8F5EF8EAFC5AB57B97B5233D5172E53E63BCBF5C2C92CD330C41721AFA9B384AA22D3EDD44E10278D1E2E2ECEC87C5F9F90212122EA1E538CBCF29C27E08F33FC89FAB086DE01EA720B88D3C1824E573F2669D5375EE4008933DD8C02B97B44803B87A8EA204C6A71F091DECC3C475DE073E20DCAC61B0751D8050840126BC5E7E49E01AC711DAADF7E401081EDFF690B4DB822081E51C2E9BE6BAD339BBC8A6B3683A56A4366982A3B027C1F377A57C166C772329BBB5FC88047309BD65B3CEA578E5AEA2344E602146D76107BC5C0571D65826E853BAFB89236E74522385002AFB77E2ACD200A731BC4230C531084E9C87F429F0377F856F8FD16F105DA1340868BE09E7E45DEB0179F410477B18E3B7CF70DB9ACDB5E73A8BEEC605B77CE3E5821DABEECC0D5308E797D427BFDF11A6C153006B382D94449AE107105945E13E0D92287EABC8FC1C450104A89BD21D78F177B99685B3739DCF30C85F27CFFEBE30A596BABF56ED3EC551F8390A183095AFBFAEC98F0D69F518C9DB3C827807B13E87155CBB38ACDA49382C7F28392C7F88385C2E1A6BD2B03163EB9A815D9918C940643FFA38535D4181ACD9640B729D5BF07A03D10E3F13918157A258FF157AD59392EC17E4931D8B74C2710A7B0F7B97864F30BEDFFE1D8238A986BF46F8DD4507296D3418AFB5B35965CD174ECD358F12CA1A4731FC052218030CBD0780318C51062E98CB556F915D113C28A07471360692BA007C7E36CAB06B489C2322A43ED815EC2B31F47CDCCB007822990DDD6FD738F5DE46B1A49B68E7230343CAFBCDC08E88331A23F25B7F3B6A7ACAE175F1FD18F07A0049F28F28F6A65F99B339F7DD53A41E44464CE83FE4D8F85ABC6EDC86E629E72D50AF063909C590BDB19C759B09944D36042DA5DADB0E3EF97182EFD48633127C6FC03423EBFB2130F37432E89BF82275E7D9824FD834B3D9D170AA06403574AF1D55BA8065D4840B58A399AF459B6615635E714B19FBBEEFB14CBAA85284D9959579A5E269F81A5B08A437D8B36E3380B92976F580676F91ED58E5ACF8BD3D4F5B373EFACDF8C495759E81FA65A72E61E38718C6F05BEA273E1EF3A0D6E12B324C58F1DC14B19F465D82C80FF7925F6AB8167D17407AC27A7C8A7A0879E61BAAF817B41EB47066673862FC062654F69C81FD949C985803D5752247D5F0E83C52A8DAEAD14B115E2EE52C882CB7DF70D0675E5B735C2ABAACD7423F9732D3DB5F799F24D1C6CF79107C9DA9A4D29ED347E4391AC1F762336603E4645F26C6E6EF89791176AEDCBF70225393AF26C79167099FBBAC7DDEA30F3080183AEF37C587B1154836C013C442080BED27C4A4C9EA86B2CF772BA22DB248F808F3F6EFA38DBF074137FB4C57CD0078C65A3D08FBE603DC439481A05B373AA32B3E6B2DEAA118B1754969B9A0E0D603852572B460C26E549651C8EC6C147931E199A1B0CDBE0E0E142EA02116DB1A1ACAC30458A4E273328C8882750D34CAA0B13EE404013E8A5CB133CC0D673CCF3AAA95C651F4C1C5CB7ED8C013208A0D98C870208D9E50CB0E1552D307982CEC42112E021773439984711D8D8B6319BDA026D1C7B0D1A7C59B72199346C62CE2EDB8563509E3132D6D127DCC7F7DE3A2225260C84324AC6B5504D47A604E1A5B3902AF4DCAFC643E9B543347E0B1A9A35D1A805185BE2CE25211333B2E8CCA277208BCCAB5A7C38D3A8E3D118299B0940C4BB21855039E3A8CAA0F504964EB08222E62CE2708B688F57004719656B4B10B10329F7000C68ECB1B14713D912B28D2C1CCFCC022C24CFA60D203C635C01186AFA2EF3884B5F2534E527E8065D192D15B432C880926AED304B485013E0E7A226272329D04E47C687290C72D44FDCB705147F74CB1A2DE85E574315F1F2C8413A0CE781D8432708A4814D1032D11665BB65C8C8577D541A8340E11957A6D624850181623ACFE2244B554A424B0E6A5F791A49E08876ECE5EF53E8B700439522DF3250DFB8AA54277875844BEB676D47EB858186F9A222821652016FADE262F0D59D4B82B6E4CB15AAD108A490B22C51481728D183C53EE82173F5D6548532BA849EB885E9E14B39785312952E502655304328D2BA36C5A71B66122181D05FC5D178110D4A11FCDE00F67AFE526A1128434DC338AF1775CA8510AA62B26611095182630451C6214E1B1972E7869A9CEBF3A27608AEDC63950084372E61D653B6DDFF090CFBD6311119ECA4CE76D6BEDA8EE99D4A780FADD7251A452970F960B49CEF5F216ECF73EDA5139D8E513675D2460AFBE5BF7CF4A0E0B1A8B4D22484EAEB9AD47C2510C7690799B81C083F985FE0F008327906177E5858266C59947E2B556A3888E35BCAA2A87B6EA95FDDECA345325480BCE88259D4F64826176BECCAF8D493C2EBEBB93A5C48300C4D24B5FAB284843D415DD90536AA2813425798C50C55393A9DCE6AA79CE535B2E18097127674E275CB0A1ADE81E30B0080063D5EB2B9D55523FF594D98A3481F2913E0D267796A6C5BC9A8DA22D5ABAB18DF7B56E7B3659CE24CF8EE56915CFA7855093BD4A93699EF6586FAA0CD6D662533DD4A7D3BA894BD36ABD980DA0CB63AA053C1791AFFE7096F493C9B74965A5852B4B8D55516A5253694ACD537D4A559C96E5486C5D07D274E10D5A50B4C8B5D5D0B3B89B1D91CAA850F99B3421EAB13EAD26219326D53C9D8DA2E9E8838D7DAA09281BEC558ACEE3AABEBAB3455391DDE33A98AA8A0097052589C2761AEA1177B32352A9D7C7D9D0DCEC878AC158F3F3F24F21A6BE9EB8F3F8FE1E7B9BA2B54F76DCB43898FAEAD08905DD551FA0FA2B4EDA53EAC93639632D57569685A6A265EA838E1F1F9891A7C445BBD826F5E875D48B896E2DCB48D36D67D9412EF45434711D229E17DFCBC24EEB377262094FB306A7EB6FC12AF0F32F9F55835B80FC2D39D414398DEEC5D9F90553B5703E15041749E20582489DAC8C605B67732EDC9722FF5B0AFD3C2973EB0B0BB05C230FBE5EB9FFCC295C3AD77FFB5A113971EE63A2C94BE7CCF9D7E0EA7F469C54440671C297107CF2B1ADF47BE195B9094ACEF1E21C52BD0BBD8078F30CE23F85E0F5CF764ACAF9C89A8CCDADCEDC90BAE1DB99006D64307425B74A2B2A53B94EBEE49C5D3A8F710A33EB60EABED98085310379298C81F5DDBA812430F976753713128204758B9016C490A62EA9D628972DAA36B062DAB0C5A49D8ADF67D7E09168475782DBAA13960C1B7FE1E16A860D53205B07AC0F3593DA5ED634236C6AA79E9691F3539018E4FAB42B23F9C20227FCC045AF1E03F7AB4F65A0303B95A1F2F9DBB61E11D447DC2F4DEA4259749C848D6DD7623ADC51415CD0C9889F36A9318C4918B199BE54D0F81B94912B36E7B3F1213687316BF24C9DAE25BE863DA0FECA805A275357D739863CAF3EF57404BA9B2005751E08EAA151EB95718E21B35AA3164E71AD75CA5C3E261DC2A4F68E115824B718C6AB7233B78C3FF3CA36451AC994E566442913C6954D8CE022F9C03E72A59AFF9DEA34875C580E85992997989E9839AA0A3387F366E83456C3DA2147E1C928EFA8CCCE8F195221E6FF589A19968EA962CBA18FE7753EBC49FD8E991FCAE557AD66771ED7AABB724887677A9C4CE9EAF441CA0C2AA8B04987ACD2E475523ACBA414B7C8AE5CEF2922BA2E6295CA9A0B92E1148554E443741397CE42C5BF2EE7656C80A35D3E179116976410166791D66611D115E7D972D2A08E1BBC44A89742A9C82B0A08CBBA48ABBA88888BCB2C88B559382A128D162FE55A15E6B5CB0AC2A8EAC1888690A54C4F5E2D469079AE4CE316993C9FCC3B3C757D944A3002B6C50C1F64CA16AABCD0AB4193C7A49A5C6B65A252DC2CD4ADB059CA855E269A641065D1096E0563737CAC4E7178A996FEBA9B648AE39462E96B83FC7ACE669C589DEA148556E628028BE552CCB617663B6D65A7D89BDEC07A28FD2DD5CEB47A943CE1933DC8612125BDC3E2020039A724FEAE21B1243411DCB48E09759B6BB48DAAD30AC351D584BDD50331F0C819E27D8CFD2DD860F27A039324FFDFF27E05414A9A7C248B94778DEE53BC4F31993259B482569E4F76EA518D9FD77569F3BCBCDFE7FFC7918D2910367D3205788F7E4EFDC0ABF9FE24B85E2121911DA7CAAB30992E71762566F75653BA8B9026A1527CF529F01186FB80104BEED11ABC4013DE08646FE00E6CDEAA9C1D39916E45B4C5BEFCE0835D0CC2A4A4D1F4277F120C7BE1EB8FFF0597D06BF290850000, N'6.2.0-61023')
INSERT [dbo].[__MigrationHistory] ([MigrationId], [ContextKey], [Model], [ProductVersion]) VALUES (N'201802151656594_Edit_Course_Add_Unique_And_Identity', N'ModuleChooser.Entities.Migrations.Configuration', 0x1F8B0800000000000400ED5DCD6EE4B811BE07C83B083A25C1ACDBF65C768DEE5DCCF6CC2C8CF86730ED5924A701DD62B78595A81E89726C0479B21CF691F20AA1FE29FE89A228B53A08E6605B228BC5AAAFC8628955F39F7FFFBEFCE9250C9C6718277E8456EEC5D9B9EB40B48D3C1FED576E8A77DF7DEFFEF4E31FFFB0FCE0852FCEAF55BBB7593BD213252BF709E3C3D562916C9F600892B3D0DFC65112EDF0D9360A17C08B1697E7E73F2C2E2E16909070092DC7597E4E11F64398FF41FE5C47680B0F3805C16DE4C120299F93379B9CAA730742981CC016AE5CD2220DE0FA298A12189F7D2074B00F13D77917F88070B381C1CE750042110698F07AF525811B1C4768BF3990072078783D40D26E0782049673B86A9AEB4EE7FC329BCEA2E95891DAA6098EC29E042FDE96F259B0DD8DA4ECD6F22312CC25F49ACD3A97E2CA5D47699CC0428CAEC30E78B50EE2ACB14CD06774F7378EB8D19B1A290450D9BF37CE3A0D701AC31582298E41F0C6F9943E06FEF6AFF0F521FA0DA2154A8380E69B704EDEB51E90479FE2E80063FCFA19EE5AB3B9F65C67D1DDB8E0966FBC5CB063D59DB9610AE1FC92FAE4F73BC234780C600DA785924833FC0022EB283CA44112C5AF15999FA32880007553BA03CFFE3ED7B27076AEF31906F9EBE4C93F14A6D452F7D7AADDC7380A3F470103A6F2F5D70DF9B125AD1E22799B0710EF21D6E7B0826B1787553B0987E50F2587E50F1187CB45634D1A36666C5D33B02B1323E9443625880D8E62F80B443006187A9F00C63046190998CBB2CB0A1E7C9CA9B9188DACEF64BB729D5BF07203D11E3F918DEC9C6C501FFD17E8554F4A16BE209FEC6EA4138E53D8DBF8EED2F011C6F7BBBF431027D5F0D708BFBDEC20A58D1CE37579362BB2F922ABB93EDA4351292B820705942E4741D29100BC81C4912242EA835DC11E1443CFC7BD0C802792D9D0FD6E8353EF75144BBA89F63E3230A4BCDF0CEC8838AE3122BFF5B7A3A6A71C5E97DF8F01AF4F2049FE11C59E6264F2EB18236773EEEB5949BD8D8C98D0D7C8B1F1B578DDB818CD53CEB3A05E0D72288A217B6339EB3613289B6C085A4AB5B71D7CF4E304DFA90D6724F8DE806946D6F74360E6E964D037F145EACEB3059FB06966B3A3E1540D806AE85E3BAA7401CBA80917B046335F8B36CD2AC6BCE29632F67DDF239C7451A508B32B2BF34AC5D3F035B610486FB067DD66007353ECEA01CFDE22DBB1CA59F17B7B9EB66E7CF49BF1892BEB3C03F5CB4E5DC2C69F6218C36FA99FF878CC835A87AFC83061C57353C4891A7509A244DC4B7EA9E15AF45D00E909EBF129EA21E4996FA8E25FD07AD0C2999DE188F11B9850D97306F6537262620D54D7891C55C3A3F348616DAB472F4528BA94B3200ADD7EC3419F796DCD71A9E8B25E0BFD5CCA4C6F7FE55D92445B3FE741F025A7924A7B4E1F90E76804EA8BCD980DA6937D99189B7F20E645D859B97FE144A6265F4D8E23CF12BE7059FBBC47EF61003174DE6D8B8F686B906C812788851016DA4F884993D50D659FFAD6445B6491F011E6EDDF475BFF00826EF699AE9AC1F28CB57A10F6CD7B7880280341B76E7446577C025BD4433162EB92D27241C1AD070A4BE468C184DDA82CA390D9D928F262C23343619B7D1D1C285C40432CB63534948709B048C5E764181105EB1A689441637DC809027C14B96267981BCE789E75542B8DA3E8838B97FDB0812740141B3091E1401A3DA1961D2AA4A60F3059D885225C042EE6863209E33A1A17C7327A414DA28F61A34F8B37E532268D8C59C4DB69AD6A12C6275ADA24FA98FFFAC64545A4C090874858D7AA08A8F5C09C34B672025E9B94F9C97C36A9664EC0635347BB3400A30A7D59C4A52266765A18954FE41878956B4F871B751C7B220433612919966431AA063C7518551FA092C8D609445CC49C4F106C11EBE104E22CAD68631720643EE1008C9D963728E27A225750A48399F981458499F4C1A4078C6B80230C5F44DF71086BE5A79CA4FC00CBA225A3B7815810134C5CA709680B037C1CF444C4E4643A09C8F9D0E4208F5B88FA97E1A28EEE996245BD0BCBE962BE3E580827409DF13A0865E0149128A2075A22CCB66CB9180BEFAA8350691C222AF5DAC490A0302C4658FD45886AA9485F60CD4BEF23493D110EDD9CBDEA7D16E10872A45AE64B1AF6154B85EE0EB1887C6DEDA8FD70B130DE34455042CA402CF4BD4D5E1AB2A87157DC9862B55A21149316448A2902E51A3178A6DC052F7EBACA90A6565093D611BD3C29662F0B6352A4CA05CAA608641A5746D9B4E26CC344303A0AF8BB2E0221A8433F9AC11FCE5ECB4D42250869B86714E3EFB850A3144C574CC2202A314C608A38C428C2632F5DF0D2529D7F754EC014DB8D73A01086E4CC3BCA76DABEE1219F7BC722223C9599CEDBD6DA51DD33A94F01F5BBE5A248BB2E1F2C1792FCECE52D381C7CB4A7F2B5CB27CEA648D65E7FB7E99FC11C163416DB4490C85C735B8F84A318EC21F336038107F30BFDEF01068F20C3EEDA0B05CD8A338FC46BAD46111D6B7855550E6DD52BFBBD9569A64AA6169C114B3A1FC904C3EC7C995F1B93785C7C77274B9F070188A597BED6519086A82BBA21A7D44403694AF218A18AA726ABB9CD55F39CA7B65C3012E24ECE9C4EB860435BD13D60601100C6AAD7573AABA47EEA29B3156902E5237D1A4CEE2C4D8B79351B455BB474631BEF6BDDF66CB29C499E1DCBD32A9E4F0BA1267B9526D33CEDB1DE5419ACADC5A67AA84FA7751397A6D57A311B4097C7540B782E225FFDE12CE927936F93CA4A0B57961AABA2D4A4A6D2949AA7FA94AA382DCB91D8BA8EA4E9C21BB4A068916BABA16771373B229551A1F2376942D4637D5A4D42264DAA793A1B45D3D1071BFB54135036D8AB149DC7557D75678BA622BBC775345515012E0B4A1285ED34D423EE6647A452AF8FB3A1B9D90F1583B1E6E7E59F424C7D3D71E7F1FD3DF636456B9FECB8697134F5D5A1130BBAAB3E40F5579CB4A7D4936D72C65AAEAC2C0B4D45CBD4071D3F3E30234F898B76B14DEAD1EBA81713DD5A9691A6DBCE12855CE8A968E23A443CCFBE97859D36AFE4C4129E650DCE36DF8275E0E75F3EAB06B700F93B72A829721ADDCBF38B4BA6C2E17CAA0D2E92C40B04913A59C9C1B6CEE65CE42F45FEB714FA7952E6CE171660B9461E7C59B9FFCC295C39D77FFB5A1179E3DCC7449357CEB9F3AFC195028D38A9880CE2842F37F8E8635BE9F7C22B731394A7E3C5D999903BA4BC177A06F1F60928B5769D7CC999BA721EE214668A628B22D82855E7236BBA33B7667303ED360BDB7AA4635D969479D95F97C747135B37AE1B4882A5A45D35CE848420F1DD22A405B1A9A94BB535CA658BB50DACC45611FE53085EFE3C30C5BFCF6EC423D18EAE04B760272C4536FEC2C3D5221BA640B6BE581F6A2635C3AC6946D8D44E9D2E23A7AA2031C8A56A575CF2858553F8818B5E3D06EE57F7CA4061762A4EE5F3B76D3D22A88FB85F9AD49BB2E838091BDBAEF174BC2388B85094113F6D526318933012347D09A2F1372823576CCE67EE636C0E63D6FA993A0D4C7CBD7B405D97013554A6AEDA730AF9637DEAF4087437416AEB3C10D443A3D62BEE9C42C6B6468D9DE2BAEC9439824C9A85494D1F23B0486E478C573D676E9984E615738AF49429CBD88852318C2BA618C145F2E17EE40A38FF3B556F8EB9B01C0B33532E313D317352956B8EE7CDD0E9B18635494EC29351DE7D999D1F33A4F2CCFFB134332C9D522598631FCFEB3C7B93BA20333F94CBAF70CDEE3CAE55CFE5980ECFF43899D2D5E9839419546661931959A5C9EBAF74965F296EA7AD5CEF3122BA2E6295CA5A0E92E114055AE443741397CE42C5BF2EE7656C80A35D3E179116977A10167D91D67C11D115E7EF72D2A08E1BBC44A89742A9C82B1508CBC548ABC588888BCB3788B559382A128D162FE55A15E6CBCB0ACDA8EACC888690A5624F5E854690D1AE4C0F17993C9F243C3C257E940A3302B6C50C1F65CA16AAC7D0AB41931FA59A5C6B65A252E72CD4C3B05922865E269A241365310B6E05637387AC4E71780998FEBA9B648AE39478E96B83FC7ACE66B2589DEA14055CE628028B6558CCB617663B6D65BDD89BDEC03A2BFD2DD5CEB47A9452E19348C8612125BDC3E2020039A724FEBE21B1243411DCB68E09759B6BB48BAAD30AC351D584BDD50331F0C819E25D8CFD1DD862F27A0B9324FF5FF87E05414A9A7C208B94778DEE537C4831993259B48256FE5076EA518D9FD78B69F3BCBC3FE4FF77928D2910367D3205788F7E4EFDC0ABF9FE28B85E2121911DA7CAAB30992E71762566FF5A53BA8B9026A1527CF529F001868780104BEED1063C4313DE08646FE01E6C5FAB5C2039916E45B4C5BE7CEF837D0CC2A4A4D1F4277F120C7BE1CB8FFF052332321C14860000, N'6.2.0-61023')
INSERT [dbo].[__MigrationHistory] ([MigrationId], [ContextKey], [Model], [ProductVersion]) VALUES (N'201802151716349_Edit_Course_Change_Identity_To_None', N'ModuleChooser.Entities.Migrations.Configuration', 0x1F8B0800000000000400ED5DCD6EE4B811BE07C83B083A25C1ACDBF65C768DEE5DCCF6CC2C8CF86730ED5924A701DD62B78595A81E89726C0479B21CF691F20AA1FE29FE89A228B53A08E6605B228BC5AAAFC8628955F39F7FFFBEFCE9250C9C6718277E8456EEC5D9B9EB40B48D3C1FED576E8A77DF7DEFFEF4E31FFFB0FCE0852FCEAF55BBB7593BD213252BF709E3C3D562916C9F600892B3D0DFC65112EDF0D9360A17C08B1697E7E73F2C2E2E16909070092DC7597E4E11F64398FF41FE5C47680B0F3805C16DE4C120299F93379B9CAA730742981CC016AE5CD2220DE0FA298A12189F7D2074B00F13D77917F88070B381C1CE750042110698F07AF525811B1C4768BF3990072078783D40D26E0782049673B86A9AEB4EE7FC329BCEA2E95891DAA6098EC29E042FDE96F259B0DD8DA4ECD6F22312CC25F49ACD3A97E2CA5D47699CC0428CAEC30E78B50EE2ACB14CD06774F7378EB8D19B1A290450D9BF37CE3A0D701AC31582298E41F0C6F9943E06FEF6AFF0F521FA0DA2154A8380E69B704EDEB51E90479FE2E80063FCFA19EE5AB3B9F65C67D1DDB8E0966FBC5CB063D59DB9610AE1FC92FAE4F73BC234780C600DA785924833FC0022EB283CA44112C5AF15999FA32880007553BA03CFFE3ED7B27076AEF31906F9EBE4C93F14A6D452F7D7AADDC7380A3F470103A6F2F5D70DF9B125AD1E22799B0710EF21D6E7B0826B1787553B0987E50F2587E50F1187CB45634D1A36666C5D33B02B1323E9443625880D8E62F80B443006187A9F00C630268BE55D843A2DE0C1C7998A8B91C8DA4EB62AD7B9052F3710EDF113D9C4CEC9E6F4D17F815EF5A41CFE0BF2C9CE463AE13885BD0DEF2E0D1F617CBFFB3B0471520D7F8DF0DBCB0E52DAA8315E9367B31A9B2FB09A6B633782AE3D98CB556F315E133C28A074390A928E04E00D244E1411521FEC0AF69F187A3EEE65003C91CC86EE771B9C7AAFA358D24DB4F7918121E5FD666047C4698D11F9ADBF1D353DE5F0BAFC7E0C787D0249F28F28F61423935FC718399B735FAF4AEA6964C4847E468E8DAFC5EBC6BD689E725E05F56A9033510CD91BCB59B79940D96443D052AABDEDE0A31F27F84E6D3823C1F7064C33B2BE1F02334F2783BE892F52779E2DF8844D339B1D0DA76A005443F7DA51A50B58464DB880359AF95AB4695631E615B794B1EFFB1EDFA48B2A45985D5999572A9E86AFB185407A833DEB3603989B62570F78F616D98E55CE8ADFDBF3B475E3A3DF8C4F5C59E719A85F76EA1236FE14C3187E4BFDC4C7631ED43A7C4586092B9E9B2246D4A84B1021E25EF24B0DD7A2EF02484F588F4F510F21CF7C4315FF82D68316CEEC0C478CDFC084CA9E33B09F9213136BA0BA4EE4A81A1E9D470A695B3D7A29C2D0A59C0511E8F61B0EFACC6B6B8E4B4597F55AE8E752667AFB2BEF9224DAFA390F82AF389554DA73FA803C4723485F6CC66C209DECCBC4D8FC03312FC2CECAFD0B273235F96A721C7996F085CBDAE73D7A0F0388A1F36E5B7C405B83640B3C412C84B0D07E424C9AAC6E28FBCCB726DA228B848F306FFF3EDAFA071074B3CF74D50C9467ACD583B06FDEC303441908BA75A333BAE2F3D7A21E8A115B9794960B0A6E3D505822470B26EC46651985CCCE469117139E190ADBECEBE040E1021A62B1ADA1A13C4C80452A3E27C3882858D740A30C1AEB434E10E0A3C8153BC3DC70C6F3ACA35A691C451F5CBCEC870D3C01A2D880890C07D2E809B5EC5021357D80C9C22E14E122703137944918D7D1B83896D10B6A127D0C1B7D5ABC2997316964CC22DE4E6B5593303ED1D226D1C7FCD7372E2A2205863C44C2BA564540AD07E6A4B19513F0DAA4CC4FE6B3493573021E9B3ADAA5011855E8CB222E1531B3D3C2A87C22C7C0AB5C7B3ADCA8E3D8132198094BC9B0248B5135E0A9C3A8FA009544B64E20E222E67C82608B580F27106769451BBB0021F3090760ECB4BC4111D713B982221DCCCC0F2C22CCA40F263D605C031C61F822FA8E43582B3FE524E50758162D19BD0DC4829860E23A4D405B18E0E3A027222627D34940CE87260779DC42D4BF0C177574CF142BEA5D584E17F3F5C1423801EA8CD7412803A78844113DD01261B665CBC55878571D844AE31051A9D7268604856131C2EA2F42544B45EA026B5E7A1F49EA8970E8E6EC55EFB308479023D5325FD2B0AF582A74778845E46B6B47ED878B85F1A6298212520662A1EF6DF2D290458DBBE2C614ABD50AA198B420524C1128D788C133E52E78F1D3558634B5829AB48EE8E549317B59189322552E50364520D3B832CAA615671B2682D151C0DF751108411DFAD10CFE70F65A6E122A4148C33DA3187FC7851AA560BA6212065189610253C42146111E7BE9829796EAFCAB7302A6D86E9C0385302467DE51B6D3F60D0FF9DC3B1611E1A9CC74DEB6D68EEA9E497D0AA8DF2D1745CA75F960B990E4662F6FC1E1E0A33D95AB5D3E713645A2F6FABB4DFFECE5B0A0B1D8268224E69ADB7A241CC5600F99B719083C985FE87F0F3078041976D75E2868569C79245E6B358AE858C3ABAA7268AB5ED9EFAD4C335522B5E08C58D2F948261866E7CBFCDA98C4E3E2BB3B59EA3C08402CBDF4B58E8234445DD10D39A5261A485392C708553C3519CD6DAE9AE73CB5E58291107772E674C2051BDA8AEE01038B003056BDBED25925F5534F99AD4813281FE9D3607267695ACCABD928DAA2A51BDB785FEBB66793E54CF2EC589E56F17C5A0835D9AB3499E6698FF5A6CA606D2D36D5437D3AAD9BB834ADD68BD900BA3CA65AC07311F9EA0F67493F997C9B54565AB8B2D45815A5263595A6D43CD5A754C569598EC4D675244D17DEA005458B5C5B0D3D8BBBD911A98C0A95BF4913A21EEBD36A12326952CDD3D9289A8E3ED8D8A79A80B2C15EA5E83CAEEAAB3B5B3415D93DAEA3A9AA0870595092286CA7A11E71373B22957A7D9C0DCDCD7EA8188C353F2FFF1462EAEB893B8FEFEFB1B7295AFB64C74D8BA3A9AF0E9D58D05DF501AABFE2A43DA59E6C9333D672656559682A5AA63EE8F8F18119794A5CB48B6D528F5E47BD98E8D6B28C34DD769627E4424F4513D721E279F6BD2CECB479252796F02C6B70B6F916AC033FFFF25935B805C8DF91434D91D3E85E9E5F5C32D50DE753697091245E2088D4C9CA0DB67536E7027F29F2BFA5D0CF933277BEB000CB35F2E0CBCAFD674EE1CAB9FEDBD78AC81BE73E269ABC72CE9D7F0DAE1268C449456410277CA9C1471FDB4ABF175E999BA0341D2FCE21D5BBD03388B74F40A994EBE44B3EE695F310A730D3035BF3C046253A1F59538DB9B19ADB5F37EA3BF3A68DEC8C2E0037589997FD75797C34B165E1BA81245829DA45E14C4808F2DA2D425A107A9ABA125BA35CB616DBC0426B15E13F85E0E5CF0333F8FB6C363C12EDE84A70C975C24A63E32F3C5CA9B1610A64CB87F5A1665212CC9A66844DED94E132F2990A12833CA67641255F5817851FB8E8D563E07E65AD0C1466A7A0543E7FDBD62382FA88FBA54939298B8E93B0B1ED124EC73B6188EB4019F1D32635863109033DD357181A7F833272C5E67CA43EC6E63066299FA9B3BCC4B7B707946D19502265EAA23CA7901ED6A70C8F40771364AECE03413D346ABDA0CE2924646B94D0296EC34E9902C864519894EC31028BE4F2C378C571E69628685E10A7C83E99B24A8D28D3C2B8208A115C24DFE5472E70F3BF53D4E6980BCBB13033E512D31333275598E678DE0C9DFD6A5872E4243C19E5D596D9F931430ACBFC1F4B33C3D229157A39F6F1BC4EA33729FB31F343B9FC86D6ECCEE35AE55A8EE9F04C8F93295D9D3E489941E115365791559ABCBC4A677595E2F2D9CAF51E23A2EB2256A92CD520194E517F453E443771E92C54FCEB725EC60638DAE5731169712507614D17694917115D717A2E270DEAB8C14B847A29948ABC1081B01A8CB4188C88B8B83A83589B85A322D168F152AE55613ABCAC8E8CAA8C8C680859A6F5E445660409EBCAEC6F91C9F339C0C333DE47292023605BCCF051A66CA1380CBD1A34E94FAAC9B556262A33CE42B90B9B1560E865A2C92151D6AAE056303635C8EA14875778E9AFBB49A6384E0597BE36C8AFE76CA28AD5A94E519F658E22B05865C56C7B61B6D356528BBDE90D2CA3D2DF52ED4CAB47A5143E47841C1652D23B2C2E0090734AE2EF1B124B4213C16DEB9850B7B946BBA83AAD301C554DD85B3D10038F9C21DEC5D8DF812D26AFB73049F2FF64EF5710A4A4C907B24879D7E83EC58714932993452B68A50765A71ED5F879399836CFCBFB43FE5F23D9980261D3275380F7E8E7D40FBC9AEF8F82EB151212D971AABC0A93E912675762F6AF3525FEFF9797112AC5579F021F60780808B1E41E6DC03334E18D40F606EEC1F6B54AF59113E956445BECCBF73ED8C7204C4A1A4D7FF227C1B017BEFCF85FC2E333D0EF850000, N'6.2.0-61023')
INSERT [dbo].[__MigrationHistory] ([MigrationId], [ContextKey], [Model], [ProductVersion]) VALUES (N'201803011954130_Add_StudentModulePreferences', N'ModuleChooser.Entities.Migrations.Configuration', 0x1F8B0800000000000400ED5C5B6FDCB8157E2FD0FF20E8A92DB21EDB79D935C6BBC84E9285D1C40E32CEA27D0AE811672CAC444D74716D14FD657DD89FD4BF50EA4EF12692A22E53147EB02D918787E77C879743EAFBCFBF7F5FFFF41C06CE138C133F42D7EEC5D9B9EB40B48B3C1F1DAEDD2CDD7FF7BDFBD38F7FFCC3FA9D173E3BBFD6E55EE7E5704D945CBB8F697ABC5AAD92DD230C417216FABB384AA27D7AB68BC215F0A2D5E5F9F90FAB8B8B15C4225C2CCB71D69F3394FA212CFEC1FF6E22B483C73403C1C7C88341523DC76FB68554E716843039821DBC7671892C809BC7284A607CF60ECB497D98B8CE9BC007589B2D0CF6AE03108A5290625DAFBE24709BC6113A6C8FF80108EE5F8E1097DB832081551FAEDAE2AADD39BFCCBBB36A2BD6A276599246A1A6C08BD7957D567475232BBB8DFDB0050B0BBDE4BD2EAC78ED6EA22C4E606946D7A11BBCDA04715E5864E833B2FA2B875FE85583140CA8FCE795B3C982348BE13582591A83E095F3297B08FCDD5FE1CB7DF41B44D7280B02526FAC397ED779801F7D8AA3238CD397CF70DFE9CD8DE73AABFEC2A5B66CE1F58A6EABA9CC34531AE797CCC77FDF62A5C143001B38ADA442DAE60708D944E1310B92287EA9C5FC1C450104A85FD22D78F20F8597B9BD739DCF30285E278FFEB10CA58EBBBFD6E5DEC751F8390A283055AFBF6EF1AF1D2E751F89CBDC83F80053750D6BB8F6695897136858FD926A58FDE269B85EB5D1A41063C6D1B580B83209925E641386D8A6510C7F8108C62085DE2790A630C683E56D847A23E0DE4F7317972DE1B11D4F55AEF3113C7F80E8903EE249EC1C4F4EEFFD67E8D54FAAE6BF201FCF6CB8521A67503BF06EB3F001C677FBBF43102775F337287D7DD9234A1935C663F2624663F30156716CEC47D08D070BBBAA0DC61B8C0709942E4741D24C00DE42BC88C246D2C12E67FE89A1E7A75A01C00AC963E86EBF4D33EF659448FA101D7C64104845BD05C4115EB4C608FFA51F476D4D31BC2EBF1F035E9F4092FC238A3D49CBF8CF315ACEFBACBBAA12AE347261DC7546818DAFE5EB7679D13E655615C4AB418B89B2496D2CE7D5160265930941C9A9F6A683F77E9CA4B7F2C01909BE1FC0342DABAF4360BED2C9A16FB216692A2F167CDCA279CC8E86533900EAA6B56654E100964BE30E60AD67BE9665DA518C7AC50C65F47BDDED9B70502504D3232BF54AA6D3F031B6348836D8F36A0B80B92976D580676F90ED19E5ACAC7B35775B1F7CF49BF18E2BAFBC00F78B765DDCC29F6218C36F999FF8E9981BB59EB522A58495959B2447D4BA8B9321625EB2430D53427700243BACA627AF065767B6A04C7F4EE9410367BE87C3C15F8AC2C2F7583CDA998CA50249A7165F5537660B2DA2FDB1A34AE0314E88C94B3278ED29AE1B7C9538AD3E3475FA3B513D57EE455DDE46DC99C7D902E26A40A8A8A2DCDEDAC5306535D25192D59487E4F8A7C62A7BF2D37D2302BFE9798F70C350CBA5770BE473A132DAFB84374912EDFC4207CEE9696D956E9FDE21CF51381C2B17C1F401165E0FE360F38F38BCB03AD7EE5F1893C9C5D79D63C4D3822F5C3A3EEFD05B18C0143A6F76E5C1F506243BE07172905885EE93CFE5D8961FAF6FB0B7F020E1A3948D7F1FEDFC2308FAD5A7AA2A1E50E5AA358DD06FDEC223443908FA7DA3D2BAE4D879D5344599ADCF4AEB1501370D1456C85182093DE15A4621354113E2F9821786C2AEFA2A38902C0D0DB1D8F5D0501D26C022911717618497246FA1511DD6A8438E935827C49533C3D270C6EAACE25A61FE521D5CACED87353C01A2E844A50807C2AC2531EC10A96C758089D29D84E03261B83494091457F1383F87A80535813F86B53E2DDEA4C39830236D116FA735AA09149F686813F863F9E31B938D1402439C9AA4975665225B0373C29CE609ACDA84CA4FB666137AE604566CF22CB302606429678BB894E4AA4F0BA3E28ECC8157B1F754B4919F1F4D84E09ECCB3085BAA69E8165CC2E30D75402B26B34F00D16A3D990CD26ADE3C81F1984AB2F6004992496C0E05B4D17982F943BEE613A40EF97E3881AC612777DE0708D10E6700C64E6B6FC3D37AA28D0DCF078BDFD5F49DA4EACE8FCCB1EA24B3327D38DB8FFCC520B5AF2F2A08121EC95A999929970E56C83AAACB53405C27C53560DC0CDB2885CFBCB3761C70D5717B525D4EA3F196CBDBC294736E93B84E7BE8C83D8461C0CB132616D32B40AC87A206456E9957BF4AE9F754CF872B5EED723EE853BE49FE703B40E4E17A04E590E5892833BC4A26CCB7556233963BE01E418290E149158E7E6A4D484432228830E183B8B9184094947C394A47B0DA5979D3112680982141ED749C11C888EA8C10B8A0AE59EA00EA310B6FBF2AEE05B54D1D6E166A0B4A08148832300BF9D90C6B0DD1E1A12338EFE3F4BD1E84249DE61C181202AA6168704F99FBF56C77A5275BA22381CED916E923720494F45E749A4588AAC6409B2610795C7AD8A274DC32CC04A3A380BD6ACC3182FC0440F10C8089D76A1E92194298F51F25F87BEE334B0DD3979A36484E0F3398241D3D8AF1FAAED7B2D6D3498B9A2446896E8AD72B12632AA642C7B4A664C1224BC3A924E258EB28596392C549F7DAA4B8EF3D4332373964DAEFB147E2DEABDDEA01C4CD61186531C60A213A6FA1E0148949EBFBB0CD4EB879B75E95944CD583F54AC0DDB4FE088E471F1D082EA7EA89B32D899C36DF6DF5D98DC252C66A9770488E1A6D9B96D228060748BDCDE3CA83C507BF6F410A1E403E1C6CBC9053ACDCF70BB655752BBCAD3DEBC07AC755D7CAFFEE3051C8889638A9924ACE7BDCC130CFBC14D7DB055B02B6BA93536B8100C4C2CBE99B28C842D497B7164B6ACF544849E29316994E2DE35157ABF6392B6DBDA22CC4648F189F30C9B9AEA33560601100C6AE57773AED243DF7546C26A480EA91BA0C8A5B879445BD5A8CA32D46BA718CEB46B7BD98AC7A52B0E7B0B2CAE7D342A865B721C5B44F35C69B9AE1A633D8D40FD5E574BE182265755E2C06D0551EC5029ECBECAF3E9C05F544F66DA96E48E38AA87364925AEA1A5252FB545D527D02476BC48FAE993C5D2EB02D389AB75B50F033BF9A1D938AA410FC2EA420E2B1BAAC96B08514D53E5D8CA3C9F4988D79AA3D543198AB2495C7757D7DB79C9422BA6F3E9BABCA0CAC0527F1F2CA0AEEE157B36352E1AA8F89A1A5C50F9124B4B6CE2B8E034DD77AFCCAE3AFF7E85B9F9D79B2E746E86CEE1326582CF8527408ABEF586549E37B99B86CD159448BEF60CCED5B9BBE34F79DBAAF4C2C6C7B7F317EEE6741AB6026934917695A6F329A54E6725D65113FF652D33369C5B288EB60F33CF95E9E52DCBEE0DD6878961738DB7E0B36815F64A2EB021F01F2F778C35AF26AB897E7179714B3FD7258E65749E2059C2CAC886ABEEBB32593BB67C8FF9641BF2006D9FB5CF2CD1BE4C1E76BF79F85842BE7E66F5F6B21AF9CBB187BF2CA3977FE359821DE48935AC8204D589AF9073FB545BDC6BDE83E012D396BCE21CCCDE809C4BB472075CA4DF2A568F3CAB98F3398FB81E6BBB3C142EE236BAE310F56F3F8EB477D2F778F519C91E4DF839D79A9EFCBF9D1445382F7038933527409C14D4470B8952C429A93569C9A85BB752ECDC33D9064BB16FCA7103CFF79208B94CE64C322D18EAF389FA64CC8323DFEC0C3D04C0F73204D1DAD23CD840EDA9A67B845ED50301BAD994A1183564C5D325D9FCBCDC7365CD6D268588FD2D8C06176C8848BFEDB8E1E1ED4479C2F4DA8842D2E9CB8856DD3F7CEB7C3E073001BE9D3153546302925E996CD263B9FA719B24E23551A2923FA776E16D3F11720464BED25A74CE698FCC7A40B9DFADB7BFEA74103A82107D0304E4DFC790A1FEDEB507D727C370197C83210A4E15119DDC778389A99644481A6B3FC38604A6206EA133D135A5023B0082E2E8D47C0B97CFA0655D2CDF2D3C6299930799FF119932E1AC14570A7666412CDFF1DE2CC390796B93033E510A389999322BF9C6F3543B23718D21A9EC44A467A2D6D71EB188D2F84FF8FA5A563E994C924E786949006C60651D649804DFD0EE6E2463145CAC7B95342CDA7D22604800B4F04896F7D2E2E07A444DC38E7227B7A9C4CB9BCD641CA2953304ECE76B8E4C94CC7E9A3B2269E104D22CDAA407BBBCB47D74D0AB7272ADC9C717995FADAF51E220C8AF26446CA7A26684EC296286EA25FB8B01732FD5535AF32A18CECEA394F349F148DCBC0282460E4C9E573B330D620922BAC4588975CAB8839BDB8DC8D42EA469E703ED119DF9BE5B64CE0D1F2A5D8AB5C662955D6471DD2479E0AAACC32227D640C9192F658F953F34772D8933803A2E8C08AA95BBFA027B265704372D4E62B3C4B972DF03E92A353FBE1B8AC739D9192E01418DE1DABE48EE4B0D57E7D2BEB183BA2D21F555BEDE270F2467DDF4DD24526F96C859C513706D9F985FEC4D76A57A7A05E5CA209262450343342CFF42FFD3CD89A796C30229ACDBED46AA3F345ADBDEE0DA43CD41FC826E996708F3F06ABA14A576600B6064B21FB0D2FDEFE66B876585EE0C39BF1C43FB422D6582682BBCEC6B7297383F651BD05A734AA8BD07771610A3CBC2B7E13A7FE1EEC52FC1A2FC7131F1D5CE7571064B8C83B3CCD7937E82E4B8F598ABB8CA7BDA0F3F976BE8F97B55F503176755EDF1DF3FF121B5DC06AFAB80BF00EFD9CF981D7E8FD9E733D5220224F10545759735FA6F995D6C34B23E936428A822AF335798D7B181E032C2CB9435BF0044D74C351FD011EC0EEA5FE145B2CA4DF115DB3AFDFFAE0108330A964B4F5F1BF18C35EF8FCE37F01A11BFC148B9D0000, N'6.2.0-61023')
INSERT [dbo].[__MigrationHistory] ([MigrationId], [ContextKey], [Model], [ProductVersion]) VALUES (N'201803251524547_Module_AddURL', N'ModuleChooser.Entities.Migrations.Configuration', 0x1F8B0800000000000400ED5C5B6FDCB8157E2FD0FF20E8A92DB21EDB79D935C6BBC84E9285D1C40E32CEA27D0AE811672CAC444D74716D14FD657DD89FD4BF50EA4EF12692A22E53147EB02D9187E439DF39240FA9EF3FFFFE7DFDD37318384F304EFC085DBB1767E7AE03D12EF27C74B876B374FFDDF7EE4F3FFEF10FEB775EF8ECFC5A977B9D97C3355172ED3EA6E9F16AB54A768F3004C959E8EFE22889F6E9D92E0A57C08B5697E7E73FAC2E2E56108B70B12CC7597FCE50EA87B0F807FFBB89D00E1ED30C041F230F0649F51CBFD916529D5B10C2E40876F0DAC525B2006E1EA32881F1D93B2C27F561E23A6F021FE0DE6C61B0771D8050948214F7F5EA4B02B7691CA1C3F6881F80E0FEE50871B93D0812588DE1AA2DAE3A9CF3CB7C38ABB6622D6A972569146A0ABC785DE967455737D2B2DBE80F6BB0D0D04B3EEA428BD7EE26CAE204966A741DBAC1AB4D10E785458A3E23ABBF72F8855E3548C180CA7F5E399B2C48B3185E2398A531085E399FB287C0DFFD15BEDC47BF41748DB22020FB8D7B8EDF751EE0479FE2E808E3F4E533DC774673E3B9CEAABF70D95BB6F07A45B7D554669A2995F34BE6E3BF6F71A7C143001B38ADA442DAE60708D944E1310B92287EA9C5FC1C450104A85FD22D78F20F8595B9A3739DCF30285E278FFEB174A58EB9BFD6E5DEC751F8390A283055AFBF6EF1AF1D2E751F89CBDC83F80053F51ED670EDEB615D4ED0C3EA97B487D52F5E0FD7ABD69B147CCCD8BB16E057264ED28B6C4211DB348AE12F10C118A4D0FB04D214C63858DE46A8D703EEFD343771D9128EED78AA729D8FE0F9034487F4114F62E778727AEF3F43AF7E5235FF05F97866C395D23883DA8E779B850F30BEDBFF1D8238A99BBF41E9EBCB1E51CAA8318EC98B89C6E601563136F623E8C683855ED582F106E34102A5CB5190341380B7102FA2B09274B0CB997F62E8F9A99603B042721FBADB6FD3CC7B1926E84B1C481489FF5452A491B77E880E3E3270D6A2DE027C152F8C6384FFD2F7D5B6A618C297DF8F01E14F2049FE11C59E059BEB020D8F5977E5265CCDE4C2B86B99021B5FCBD7ED12A67DCAAC5C885783162C6593DA58CEAB2D04CA26938E9251ED4D39EFFD38496FE58E33127C3F80695A565FEBC07C359543DF64BDD3545E2CF8B845739F1D0DA77200D44D6B4DB6C200964BE306B0D6325FCB326D14A35E31A18C7EAFBB4514065542301D59A957B23E0D8FB1A542B4C19E575B00CC4DB1AB063C7B41B627CA59595B6BEEE83EF8E837E35D5D5E7901E617EDECB8853FC53086DF323FF1D33137833D6B45AA1356566E923C546B2E4E168A79C9861AA6846E002407ACD64F5E0D6E9FD982B2FE734A0F0A9CF93E113B7F290A0BDF63F16867124B05924ECDBFAA61CCE65A44FB637B95C0621C17939764F0DA535CD7F92A715A6368EAF40FA27AAE3C8ABABC0DBF33F7B305F8D500575145B9BDB58BB5B49895E32AAB290FC911538D55F674A9FB46047ED33325E186A1964BEF16C8E7C2CE68EF13DE2449B4F38B3E704E686BAD74C7F40E798EC2015CB908A60FC9F07A183B9B7FC4EE85BB73EDFE8551995C7C3D38463C2DF8C2A5FDF30EBD85014CA1F366571E8E6F40B2031E270789BBD07DF2B98C6DF911FE065B0B07091FA5ACFFFB68E71F41D0DF7DAAAAE22158DEB5A611FACD5B7884280741BF6D545A971C6DAF9AA628B5F56969BD22E0A681C20A394A30A1275CCB28A42668423C5FF0C250D8EDBE0A0E244B43432C762D34B40F136091C88B8B30C24B92B7D0A80E6BD421C749AC13E2CA9961693863FBAC625A61FE521D5CACEE87353C01A2E844A50807C2AC2511768854B63AC044E94E427099305C1ACA041D57B1383F87A80535813D86B53E2DDEA4614C9891B688B7D38A6A828E4F14DA04F6587E7C63B2914260885393F4D2AA4C646B604E98D33C81559BB0F393ADD984963981159B3CCBAC001859CAD9222E25B9EAD3C2A8782073E0556C3D95DEC8CF8F2642704FE659842DD534740B2EE1F1863AA01593D9278068B5914C0669356B9E403CA692AC3D409264129B43016D749E60FE90DFF30952877C3B9C40D6B0933BEF03846887330063A7B5B7E1F57AA28D0DCF068BDFD5F49DA4EACE8FCCB1EA24B3327D38DB8FFCC520B56F2C2A08121EC95A999929930EEE90755497A780B84E8A6BC0B809DB2885CFBCB376EC70D5717B525D4EA3F196CBDBC294736E93B84E7BE8C83D8461C0CB132616D32B40DC0FC51E14B9655EFD2AA5DF533D0F57BCDAE57CD0D7F926F9C31D009187EB1194439627A2CCF02AA930DF5689D558EE807B04095C86275518FDD49A90886444106EC207717331802829F93A95F660B5B3F266208C03312141ED749C11C888EA44085C50572DB503F5A885B75F158F82DAA60E570BB50525040A4419A885FC6C86D586E8F0D0119CF771C65E0721C9A039078684802A0C0D1E2973BF9E1DAEF4644B7424D039DB226D444640C9E845A75984A82A06DA5481C8E2D2C316A5E396612A181D05EC55638E12E427008A67008CBF56F3904C11C2ACFF28CEDF739F59AA98BED4B441727A98C224E9E85194D777BD96D59E4E5AD424314A0C53BC5E91285331153AA636250B16591A4E2511C76A47491B932C4EBAD726C563EF09C9DCE490E9B8C78EC4BD57BBD51D889BC330CA628CE54274DE42C1281295D6F7619B9D70F36EBD2A699FAA07EB95801F6AFD111C8F3E3A107C51D513675B92456DBEDBEA332885A58CD52EE1102935BD6D5A4AA3181C20F536F72B0F161FFCBE052978007938D87821A758B9EF176CABEA56785B7BD680F58EABAE95FFDD61BB909139715225959CF77880619E7929AEB70BB6046C7527A7EF0201888597D337519085A82F6F2D96D49EA99092C4272DB23EB5AC4ADD5EB5CF5969EB15A521267BC4D88449CE750DAD01038B003036BDBAD16923E999A7624C2105548FD46550FC3DA42CEAD5620C6DD1D38D7D5CD7BBEDF964359282A18795553E9F16422D830E29A67DAA116F6A169D4EB0A91FAACBE97C3144CAEABC509757F0E990728A078B71882A0F63C11FCAECB1BE3B08EA09F5D950E574942AA0DE91496AA96F4849ED530D1B572778748FF8DE3993A5CB05BA0543F3761B0A76E657B3A3529114821F8614443C5697D512BE90A2DAA78B3134995EB331CFB5873206739DA4F2B8A6AFEFA6935244F7D567335599C1B560245E5E5AC13CFC6A76542A5C35323EB434FF21928CD6D689C571A2E95A915F79FCF5227D6BB4334FF6DC289DCD7CC2048D055B8A0E71F50DAB2C697C2B1397353A8B70F11D8EB96D6BD396E6B653B7958986A7DA9FD8CB1D2D6815CC6442E9224DEB4D4694CA7CAEAB2CE4C75EFA7C262D5916711DAC9E27DFCB5392DB17BC9B0DCFF20267DB6FC126F08B4C765DE02340FE1E6F784B5E0EF7F2FCE29262DF5F0E13FE2A49BC8093C515D1E1776DB66402FA0CF9DF32E817C4227B9F4BDE79833CF87CEDFEB39070E5DCFCED6B2DE4957317634B5E39E7CEBF06B3D81BF5A41632A8272C15FE839FDAA26EE35E949F803A9D55E7107669F404E2DD23901AE526F952B479E5DCC719CCED40F3E5D9604AF79135D3983BABB9FFF5A3BE97FBC7C8CF4882F2C1C6BCD4B7E5FC68A269CBFB81C489145DD27213111C6E261331046179ADCD3F85E0F9CFA4A0C1A4E4069E618F0DBC0509CD073E90EC5BA82F03362B9D498B45B49D30C6F9446642B6EBF1031843773DCC803485B58E34135A6A6B96E116B543056DB4F62A450C5A7975497D7D2E4720DB70594BA3613D6A650383D921352EC66FDB7B78501F71DE35A134B6B800E316B64D233CDF4E85CF456CD49FAEA8319C4929D9B76C56DBF92CCD90861A75A59132A27DE766531D7F016269C9BE9CD4CB1C93FF98B4A5537300F03F511A405139800E726A02D253200FD0A11CE5D86E024E93652048C3A232DA91F1703433D989025D68F991C2940411D4A78226F4A44660115C801A8F0874F93412AAE49FE52796533272F23E2734267F34828BE06ECEC8649EFF3B049E730696B930336588D1C4CC499170CEB79A2159240CE9154F622523BDDEB6B8758CC697CAFFC7D2D2B174CAA49673434A48476383B0EB24C0A67E977371514C917A72EE9450F3C9B60911E1C21341E2DBA38BCB01291148CEB9C89E1E27532EAF759072CA549093B32E2E7932D331FAA8EC8D2744D748B33BD0D6EEF2E27593C2ED890A37675C5EC9BE76BD870883A23C9991B2AF099A93B0368A9BE8172E1C85ACFFAA3DAF32A18CECEA394F349F9C8DCB04292482E4C9E573C430DA20922BAC4688975CAD88B9C5B81C92420A499E703EE11ADF9AE5B64C60D1F2A5D8AA5C862B55F6491DF2495E1754196E44FD9131554ADA63E54FCD63C96171E20444D1811553B77E414F64CBE0A8E4749BDFE159866C817F928C4EED07E8B2C1752225C14D307C38564926C9B0D57EC52B1B181B51E98FB3AD0E713889A4BEED261922937CB64212A9EB83ECFC427F2A6C75A85350402E51051312399A29A167FA977E666C4D3D369819CD665F6AB5D1F932D7DEF006522FEA07B2498625DCE38FC1AEA832941980ADC196C87E0B8CB7BF19AE1D9617F8F0663CF10FAD88359689E0AEB3F16DCADCA07D546FC1A91ED545E8BBB830051EDE15BF89537F0F76297E8D97E3898F0EAEF32B08325CE41D9EE6BC1B7497A5C72CC543C6D35ED0F90C3CDFC7CBDA2F2821BB7D5EDF1DF3FF121B43C0DDF4F110E01DFA39F303AFE9F77BCEF54881883C41505D65CD6D99E6575A0F2F8DA4DB08290AAAD4D7E435EE61780CB0B0E40E6DC11334E91BF6EA0FF000762FF527DD6221FD86E8AA7DFDD6078718844925A3AD8FFFC518F6C2E71FFF0BD27B896C779E0000, N'6.2.0-61023')
INSERT [dbo].[CourseModules] ([CourseId], [ModuleId], [Compulsory]) VALUES (N'00000000-0000-0000-0000-000000000000', N'dbd23c4b-0b02-e811-b1b9-bca8a6ba1926', 1)
INSERT [dbo].[CourseModules] ([CourseId], [ModuleId], [Compulsory]) VALUES (N'00000000-0000-0000-0000-000000000000', N'dcd23c4b-0b02-e811-b1b9-bca8a6ba1926', 1)
INSERT [dbo].[CourseModules] ([CourseId], [ModuleId], [Compulsory]) VALUES (N'00000000-0000-0000-0000-000000000000', N'ddd23c4b-0b02-e811-b1b9-bca8a6ba1926', 1)
INSERT [dbo].[CourseModules] ([CourseId], [ModuleId], [Compulsory]) VALUES (N'00000000-0000-0000-0000-000000000000', N'ded23c4b-0b02-e811-b1b9-bca8a6ba1926', 1)
INSERT [dbo].[CourseModules] ([CourseId], [ModuleId], [Compulsory]) VALUES (N'00000000-0000-0000-0000-000000000000', N'dfd23c4b-0b02-e811-b1b9-bca8a6ba1926', 1)
INSERT [dbo].[CourseModules] ([CourseId], [ModuleId], [Compulsory]) VALUES (N'00000000-0000-0000-0000-000000000000', N'e0d23c4b-0b02-e811-b1b9-bca8a6ba1926', 1)
INSERT [dbo].[CourseModules] ([CourseId], [ModuleId], [Compulsory]) VALUES (N'00000000-0000-0000-0000-000000000000', N'e1d23c4b-0b02-e811-b1b9-bca8a6ba1926', 1)
INSERT [dbo].[CourseModules] ([CourseId], [ModuleId], [Compulsory]) VALUES (N'00000000-0000-0000-0000-000000000000', N'e2d23c4b-0b02-e811-b1b9-bca8a6ba1926', 1)
INSERT [dbo].[CourseModules] ([CourseId], [ModuleId], [Compulsory]) VALUES (N'00000000-0000-0000-0000-000000000000', N'e3d23c4b-0b02-e811-b1b9-bca8a6ba1926', 1)
INSERT [dbo].[CourseModules] ([CourseId], [ModuleId], [Compulsory]) VALUES (N'00000000-0000-0000-0000-000000000000', N'e4d23c4b-0b02-e811-b1b9-bca8a6ba1926', 1)
INSERT [dbo].[CourseModules] ([CourseId], [ModuleId], [Compulsory]) VALUES (N'00000000-0000-0000-0000-000000000000', N'e5d23c4b-0b02-e811-b1b9-bca8a6ba1926', 1)
INSERT [dbo].[CourseModules] ([CourseId], [ModuleId], [Compulsory]) VALUES (N'00000000-0000-0000-0000-000000000000', N'e6d23c4b-0b02-e811-b1b9-bca8a6ba1926', 0)
INSERT [dbo].[CourseModules] ([CourseId], [ModuleId], [Compulsory]) VALUES (N'00000000-0000-0000-0000-000000000000', N'e7d23c4b-0b02-e811-b1b9-bca8a6ba1926', 0)
INSERT [dbo].[CourseModules] ([CourseId], [ModuleId], [Compulsory]) VALUES (N'00000000-0000-0000-0000-000000000000', N'e8d23c4b-0b02-e811-b1b9-bca8a6ba1926', 0)
INSERT [dbo].[CourseModules] ([CourseId], [ModuleId], [Compulsory]) VALUES (N'00000000-0000-0000-0000-000000000000', N'e9d23c4b-0b02-e811-b1b9-bca8a6ba1926', 1)
INSERT [dbo].[CourseModules] ([CourseId], [ModuleId], [Compulsory]) VALUES (N'00000000-0000-0000-0000-000000000000', N'ead23c4b-0b02-e811-b1b9-bca8a6ba1926', 1)
INSERT [dbo].[CourseModules] ([CourseId], [ModuleId], [Compulsory]) VALUES (N'00000000-0000-0000-0000-000000000000', N'ebd23c4b-0b02-e811-b1b9-bca8a6ba1926', 1)
INSERT [dbo].[CourseModules] ([CourseId], [ModuleId], [Compulsory]) VALUES (N'00000000-0000-0000-0000-000000000000', N'ecd23c4b-0b02-e811-b1b9-bca8a6ba1926', 1)
INSERT [dbo].[CourseModules] ([CourseId], [ModuleId], [Compulsory]) VALUES (N'00000000-0000-0000-0000-000000000000', N'edd23c4b-0b02-e811-b1b9-bca8a6ba1926', 0)
INSERT [dbo].[CourseModules] ([CourseId], [ModuleId], [Compulsory]) VALUES (N'00000000-0000-0000-0000-000000000000', N'eed23c4b-0b02-e811-b1b9-bca8a6ba1926', 1)
INSERT [dbo].[CourseModules] ([CourseId], [ModuleId], [Compulsory]) VALUES (N'00000000-0000-0000-0000-000000000000', N'efd23c4b-0b02-e811-b1b9-bca8a6ba1926', 0)
INSERT [dbo].[CourseModules] ([CourseId], [ModuleId], [Compulsory]) VALUES (N'00000000-0000-0000-0000-000000000000', N'f0d23c4b-0b02-e811-b1b9-bca8a6ba1926', 1)
INSERT [dbo].[CourseModules] ([CourseId], [ModuleId], [Compulsory]) VALUES (N'00000000-0000-0000-0000-000000000000', N'f1d23c4b-0b02-e811-b1b9-bca8a6ba1926', 1)
INSERT [dbo].[CourseModules] ([CourseId], [ModuleId], [Compulsory]) VALUES (N'00000000-0000-0000-0000-000000000000', N'f2d23c4b-0b02-e811-b1b9-bca8a6ba1926', 1)
INSERT [dbo].[CourseModules] ([CourseId], [ModuleId], [Compulsory]) VALUES (N'00000000-0000-0000-0000-000000000000', N'f3d23c4b-0b02-e811-b1b9-bca8a6ba1926', 1)
INSERT [dbo].[CourseModules] ([CourseId], [ModuleId], [Compulsory]) VALUES (N'00000000-0000-0000-0000-000000000000', N'f4d23c4b-0b02-e811-b1b9-bca8a6ba1926', 0)
INSERT [dbo].[CourseModules] ([CourseId], [ModuleId], [Compulsory]) VALUES (N'00000000-0000-0000-0000-000000000000', N'f5d23c4b-0b02-e811-b1b9-bca8a6ba1926', 0)
INSERT [dbo].[CourseModules] ([CourseId], [ModuleId], [Compulsory]) VALUES (N'00000000-0000-0000-0000-000000000000', N'f6d23c4b-0b02-e811-b1b9-bca8a6ba1926', 0)
INSERT [dbo].[CourseModules] ([CourseId], [ModuleId], [Compulsory]) VALUES (N'00000000-0000-0000-0000-000000000000', N'f7d23c4b-0b02-e811-b1b9-bca8a6ba1926', 0)
INSERT [dbo].[CourseModules] ([CourseId], [ModuleId], [Compulsory]) VALUES (N'00000000-0000-0000-0000-000000000000', N'f8d23c4b-0b02-e811-b1b9-bca8a6ba1926', 0)
INSERT [dbo].[CourseModules] ([CourseId], [ModuleId], [Compulsory]) VALUES (N'00000000-0000-0000-0000-000000000000', N'f9d23c4b-0b02-e811-b1b9-bca8a6ba1926', 0)
INSERT [dbo].[CourseModules] ([CourseId], [ModuleId], [Compulsory]) VALUES (N'00000000-0000-0000-0000-000000000000', N'fad23c4b-0b02-e811-b1b9-bca8a6ba1926', 0)
INSERT [dbo].[CourseModules] ([CourseId], [ModuleId], [Compulsory]) VALUES (N'00000000-0000-0000-0000-000000000000', N'fbd23c4b-0b02-e811-b1b9-bca8a6ba1926', 0)
INSERT [dbo].[CourseModules] ([CourseId], [ModuleId], [Compulsory]) VALUES (N'00000000-0000-0000-0000-000000000000', N'fcd23c4b-0b02-e811-b1b9-bca8a6ba1926', 0)
INSERT [dbo].[CourseModules] ([CourseId], [ModuleId], [Compulsory]) VALUES (N'00000000-0000-0000-0000-000000000000', N'fdd23c4b-0b02-e811-b1b9-bca8a6ba1926', 0)
INSERT [dbo].[CourseModules] ([CourseId], [ModuleId], [Compulsory]) VALUES (N'00000000-0000-0000-0000-000000000000', N'ffd23c4b-0b02-e811-b1b9-bca8a6ba1926', 0)
INSERT [dbo].[CourseModules] ([CourseId], [ModuleId], [Compulsory]) VALUES (N'00000000-0000-0000-0000-000000000000', N'00d33c4b-0b02-e811-b1b9-bca8a6ba1926', 0)
INSERT [dbo].[CourseModules] ([CourseId], [ModuleId], [Compulsory]) VALUES (N'00000000-0000-0000-0000-000000000000', N'01d33c4b-0b02-e811-b1b9-bca8a6ba1926', 0)
INSERT [dbo].[CourseModules] ([CourseId], [ModuleId], [Compulsory]) VALUES (N'00000000-0000-0000-0000-000000000000', N'02d33c4b-0b02-e811-b1b9-bca8a6ba1926', 1)
INSERT [dbo].[CourseModules] ([CourseId], [ModuleId], [Compulsory]) VALUES (N'00000000-0000-0000-0000-000000000000', N'03d33c4b-0b02-e811-b1b9-bca8a6ba1926', 1)
INSERT [dbo].[CourseModules] ([CourseId], [ModuleId], [Compulsory]) VALUES (N'00000000-0000-0000-0000-000000000000', N'04d33c4b-0b02-e811-b1b9-bca8a6ba1926', 0)
INSERT [dbo].[CourseModules] ([CourseId], [ModuleId], [Compulsory]) VALUES (N'00000000-0000-0000-0000-000000000000', N'05d33c4b-0b02-e811-b1b9-bca8a6ba1926', 0)
INSERT [dbo].[CourseModules] ([CourseId], [ModuleId], [Compulsory]) VALUES (N'00000000-0000-0000-0000-000000000000', N'06d33c4b-0b02-e811-b1b9-bca8a6ba1926', 0)
INSERT [dbo].[CourseModules] ([CourseId], [ModuleId], [Compulsory]) VALUES (N'00000000-0000-0000-0000-000000000000', N'07d33c4b-0b02-e811-b1b9-bca8a6ba1926', 0)
INSERT [dbo].[CourseModules] ([CourseId], [ModuleId], [Compulsory]) VALUES (N'00000000-0000-0000-0000-000000000000', N'08d33c4b-0b02-e811-b1b9-bca8a6ba1926', 0)
INSERT [dbo].[CourseModules] ([CourseId], [ModuleId], [Compulsory]) VALUES (N'00000000-0000-0000-0000-000000000000', N'0ed33c4b-0b02-e811-b1b9-bca8a6ba1926', 0)
INSERT [dbo].[CourseModules] ([CourseId], [ModuleId], [Compulsory]) VALUES (N'00000000-0000-0000-0000-000000000000', N'10d33c4b-0b02-e811-b1b9-bca8a6ba1926', 0)
INSERT [dbo].[CourseModules] ([CourseId], [ModuleId], [Compulsory]) VALUES (N'00000000-0000-0000-0000-000000000000', N'11d33c4b-0b02-e811-b1b9-bca8a6ba1926', 0)
INSERT [dbo].[CourseModules] ([CourseId], [ModuleId], [Compulsory]) VALUES (N'00000000-0000-0000-0000-000000000000', N'12d33c4b-0b02-e811-b1b9-bca8a6ba1926', 0)
INSERT [dbo].[CourseModules] ([CourseId], [ModuleId], [Compulsory]) VALUES (N'00000000-0000-0000-0000-000000000000', N'14d33c4b-0b02-e811-b1b9-bca8a6ba1926', 0)
INSERT [dbo].[CourseModules] ([CourseId], [ModuleId], [Compulsory]) VALUES (N'00000000-0000-0000-0000-000000000000', N'15d33c4b-0b02-e811-b1b9-bca8a6ba1926', 1)
INSERT [dbo].[CourseModules] ([CourseId], [ModuleId], [Compulsory]) VALUES (N'00000000-0000-0000-0000-000000000000', N'650e5161-cc31-e811-b1be-bca8a6ba1926', 0)
INSERT [dbo].[CourseModules] ([CourseId], [ModuleId], [Compulsory]) VALUES (N'a0a0efb4-6c36-4b14-b150-abe2a073dc34', N'dbd23c4b-0b02-e811-b1b9-bca8a6ba1926', 1)
INSERT [dbo].[CourseModules] ([CourseId], [ModuleId], [Compulsory]) VALUES (N'a0a0efb4-6c36-4b14-b150-abe2a073dc34', N'dcd23c4b-0b02-e811-b1b9-bca8a6ba1926', 1)
INSERT [dbo].[CourseModules] ([CourseId], [ModuleId], [Compulsory]) VALUES (N'a0a0efb4-6c36-4b14-b150-abe2a073dc34', N'ddd23c4b-0b02-e811-b1b9-bca8a6ba1926', 1)
INSERT [dbo].[CourseModules] ([CourseId], [ModuleId], [Compulsory]) VALUES (N'a0a0efb4-6c36-4b14-b150-abe2a073dc34', N'ded23c4b-0b02-e811-b1b9-bca8a6ba1926', 1)
INSERT [dbo].[CourseModules] ([CourseId], [ModuleId], [Compulsory]) VALUES (N'a0a0efb4-6c36-4b14-b150-abe2a073dc34', N'dfd23c4b-0b02-e811-b1b9-bca8a6ba1926', 1)
INSERT [dbo].[CourseModules] ([CourseId], [ModuleId], [Compulsory]) VALUES (N'a0a0efb4-6c36-4b14-b150-abe2a073dc34', N'e0d23c4b-0b02-e811-b1b9-bca8a6ba1926', 1)
INSERT [dbo].[CourseModules] ([CourseId], [ModuleId], [Compulsory]) VALUES (N'a0a0efb4-6c36-4b14-b150-abe2a073dc34', N'e1d23c4b-0b02-e811-b1b9-bca8a6ba1926', 1)
INSERT [dbo].[CourseModules] ([CourseId], [ModuleId], [Compulsory]) VALUES (N'a0a0efb4-6c36-4b14-b150-abe2a073dc34', N'e2d23c4b-0b02-e811-b1b9-bca8a6ba1926', 1)
INSERT [dbo].[CourseModules] ([CourseId], [ModuleId], [Compulsory]) VALUES (N'a0a0efb4-6c36-4b14-b150-abe2a073dc34', N'e3d23c4b-0b02-e811-b1b9-bca8a6ba1926', 1)
INSERT [dbo].[CourseModules] ([CourseId], [ModuleId], [Compulsory]) VALUES (N'a0a0efb4-6c36-4b14-b150-abe2a073dc34', N'e4d23c4b-0b02-e811-b1b9-bca8a6ba1926', 1)
INSERT [dbo].[CourseModules] ([CourseId], [ModuleId], [Compulsory]) VALUES (N'a0a0efb4-6c36-4b14-b150-abe2a073dc34', N'e5d23c4b-0b02-e811-b1b9-bca8a6ba1926', 1)
INSERT [dbo].[CourseModules] ([CourseId], [ModuleId], [Compulsory]) VALUES (N'a0a0efb4-6c36-4b14-b150-abe2a073dc34', N'e6d23c4b-0b02-e811-b1b9-bca8a6ba1926', 0)
INSERT [dbo].[CourseModules] ([CourseId], [ModuleId], [Compulsory]) VALUES (N'a0a0efb4-6c36-4b14-b150-abe2a073dc34', N'e7d23c4b-0b02-e811-b1b9-bca8a6ba1926', 0)
INSERT [dbo].[CourseModules] ([CourseId], [ModuleId], [Compulsory]) VALUES (N'a0a0efb4-6c36-4b14-b150-abe2a073dc34', N'e8d23c4b-0b02-e811-b1b9-bca8a6ba1926', 0)
INSERT [dbo].[CourseModules] ([CourseId], [ModuleId], [Compulsory]) VALUES (N'a0a0efb4-6c36-4b14-b150-abe2a073dc34', N'e9d23c4b-0b02-e811-b1b9-bca8a6ba1926', 1)
INSERT [dbo].[CourseModules] ([CourseId], [ModuleId], [Compulsory]) VALUES (N'a0a0efb4-6c36-4b14-b150-abe2a073dc34', N'ead23c4b-0b02-e811-b1b9-bca8a6ba1926', 1)
INSERT [dbo].[CourseModules] ([CourseId], [ModuleId], [Compulsory]) VALUES (N'a0a0efb4-6c36-4b14-b150-abe2a073dc34', N'ebd23c4b-0b02-e811-b1b9-bca8a6ba1926', 1)
INSERT [dbo].[CourseModules] ([CourseId], [ModuleId], [Compulsory]) VALUES (N'a0a0efb4-6c36-4b14-b150-abe2a073dc34', N'ecd23c4b-0b02-e811-b1b9-bca8a6ba1926', 1)
INSERT [dbo].[CourseModules] ([CourseId], [ModuleId], [Compulsory]) VALUES (N'a0a0efb4-6c36-4b14-b150-abe2a073dc34', N'edd23c4b-0b02-e811-b1b9-bca8a6ba1926', 1)
INSERT [dbo].[CourseModules] ([CourseId], [ModuleId], [Compulsory]) VALUES (N'a0a0efb4-6c36-4b14-b150-abe2a073dc34', N'eed23c4b-0b02-e811-b1b9-bca8a6ba1926', 1)
INSERT [dbo].[CourseModules] ([CourseId], [ModuleId], [Compulsory]) VALUES (N'a0a0efb4-6c36-4b14-b150-abe2a073dc34', N'efd23c4b-0b02-e811-b1b9-bca8a6ba1926', 1)
INSERT [dbo].[CourseModules] ([CourseId], [ModuleId], [Compulsory]) VALUES (N'a0a0efb4-6c36-4b14-b150-abe2a073dc34', N'f0d23c4b-0b02-e811-b1b9-bca8a6ba1926', 1)
INSERT [dbo].[CourseModules] ([CourseId], [ModuleId], [Compulsory]) VALUES (N'a0a0efb4-6c36-4b14-b150-abe2a073dc34', N'f1d23c4b-0b02-e811-b1b9-bca8a6ba1926', 1)
INSERT [dbo].[CourseModules] ([CourseId], [ModuleId], [Compulsory]) VALUES (N'a0a0efb4-6c36-4b14-b150-abe2a073dc34', N'f2d23c4b-0b02-e811-b1b9-bca8a6ba1926', 0)
INSERT [dbo].[CourseModules] ([CourseId], [ModuleId], [Compulsory]) VALUES (N'a0a0efb4-6c36-4b14-b150-abe2a073dc34', N'f3d23c4b-0b02-e811-b1b9-bca8a6ba1926', 0)
INSERT [dbo].[CourseModules] ([CourseId], [ModuleId], [Compulsory]) VALUES (N'a0a0efb4-6c36-4b14-b150-abe2a073dc34', N'f4d23c4b-0b02-e811-b1b9-bca8a6ba1926', 0)
INSERT [dbo].[CourseModules] ([CourseId], [ModuleId], [Compulsory]) VALUES (N'a0a0efb4-6c36-4b14-b150-abe2a073dc34', N'f5d23c4b-0b02-e811-b1b9-bca8a6ba1926', 0)
INSERT [dbo].[CourseModules] ([CourseId], [ModuleId], [Compulsory]) VALUES (N'a0a0efb4-6c36-4b14-b150-abe2a073dc34', N'f6d23c4b-0b02-e811-b1b9-bca8a6ba1926', 0)
INSERT [dbo].[CourseModules] ([CourseId], [ModuleId], [Compulsory]) VALUES (N'a0a0efb4-6c36-4b14-b150-abe2a073dc34', N'f7d23c4b-0b02-e811-b1b9-bca8a6ba1926', 0)
INSERT [dbo].[CourseModules] ([CourseId], [ModuleId], [Compulsory]) VALUES (N'a0a0efb4-6c36-4b14-b150-abe2a073dc34', N'f8d23c4b-0b02-e811-b1b9-bca8a6ba1926', 0)
INSERT [dbo].[CourseModules] ([CourseId], [ModuleId], [Compulsory]) VALUES (N'a0a0efb4-6c36-4b14-b150-abe2a073dc34', N'f9d23c4b-0b02-e811-b1b9-bca8a6ba1926', 0)
INSERT [dbo].[CourseModules] ([CourseId], [ModuleId], [Compulsory]) VALUES (N'a0a0efb4-6c36-4b14-b150-abe2a073dc34', N'fbd23c4b-0b02-e811-b1b9-bca8a6ba1926', 0)
INSERT [dbo].[CourseModules] ([CourseId], [ModuleId], [Compulsory]) VALUES (N'a0a0efb4-6c36-4b14-b150-abe2a073dc34', N'fcd23c4b-0b02-e811-b1b9-bca8a6ba1926', 0)
INSERT [dbo].[CourseModules] ([CourseId], [ModuleId], [Compulsory]) VALUES (N'a0a0efb4-6c36-4b14-b150-abe2a073dc34', N'fdd23c4b-0b02-e811-b1b9-bca8a6ba1926', 0)
INSERT [dbo].[CourseModules] ([CourseId], [ModuleId], [Compulsory]) VALUES (N'a0a0efb4-6c36-4b14-b150-abe2a073dc34', N'00d33c4b-0b02-e811-b1b9-bca8a6ba1926', 0)
INSERT [dbo].[CourseModules] ([CourseId], [ModuleId], [Compulsory]) VALUES (N'a0a0efb4-6c36-4b14-b150-abe2a073dc34', N'01d33c4b-0b02-e811-b1b9-bca8a6ba1926', 0)
INSERT [dbo].[CourseModules] ([CourseId], [ModuleId], [Compulsory]) VALUES (N'a0a0efb4-6c36-4b14-b150-abe2a073dc34', N'02d33c4b-0b02-e811-b1b9-bca8a6ba1926', 1)
INSERT [dbo].[CourseModules] ([CourseId], [ModuleId], [Compulsory]) VALUES (N'a0a0efb4-6c36-4b14-b150-abe2a073dc34', N'03d33c4b-0b02-e811-b1b9-bca8a6ba1926', 1)
INSERT [dbo].[CourseModules] ([CourseId], [ModuleId], [Compulsory]) VALUES (N'a0a0efb4-6c36-4b14-b150-abe2a073dc34', N'04d33c4b-0b02-e811-b1b9-bca8a6ba1926', 0)
INSERT [dbo].[CourseModules] ([CourseId], [ModuleId], [Compulsory]) VALUES (N'a0a0efb4-6c36-4b14-b150-abe2a073dc34', N'05d33c4b-0b02-e811-b1b9-bca8a6ba1926', 0)
INSERT [dbo].[CourseModules] ([CourseId], [ModuleId], [Compulsory]) VALUES (N'a0a0efb4-6c36-4b14-b150-abe2a073dc34', N'06d33c4b-0b02-e811-b1b9-bca8a6ba1926', 0)
INSERT [dbo].[CourseModules] ([CourseId], [ModuleId], [Compulsory]) VALUES (N'a0a0efb4-6c36-4b14-b150-abe2a073dc34', N'07d33c4b-0b02-e811-b1b9-bca8a6ba1926', 0)
INSERT [dbo].[CourseModules] ([CourseId], [ModuleId], [Compulsory]) VALUES (N'a0a0efb4-6c36-4b14-b150-abe2a073dc34', N'08d33c4b-0b02-e811-b1b9-bca8a6ba1926', 0)
INSERT [dbo].[CourseModules] ([CourseId], [ModuleId], [Compulsory]) VALUES (N'a0a0efb4-6c36-4b14-b150-abe2a073dc34', N'09d33c4b-0b02-e811-b1b9-bca8a6ba1926', 0)
INSERT [dbo].[CourseModules] ([CourseId], [ModuleId], [Compulsory]) VALUES (N'a0a0efb4-6c36-4b14-b150-abe2a073dc34', N'0ad33c4b-0b02-e811-b1b9-bca8a6ba1926', 0)
INSERT [dbo].[CourseModules] ([CourseId], [ModuleId], [Compulsory]) VALUES (N'a0a0efb4-6c36-4b14-b150-abe2a073dc34', N'0bd33c4b-0b02-e811-b1b9-bca8a6ba1926', 0)
INSERT [dbo].[CourseModules] ([CourseId], [ModuleId], [Compulsory]) VALUES (N'a0a0efb4-6c36-4b14-b150-abe2a073dc34', N'0cd33c4b-0b02-e811-b1b9-bca8a6ba1926', 0)
INSERT [dbo].[CourseModules] ([CourseId], [ModuleId], [Compulsory]) VALUES (N'a0a0efb4-6c36-4b14-b150-abe2a073dc34', N'0dd33c4b-0b02-e811-b1b9-bca8a6ba1926', 0)
GO
INSERT [dbo].[CourseModules] ([CourseId], [ModuleId], [Compulsory]) VALUES (N'a0a0efb4-6c36-4b14-b150-abe2a073dc34', N'0ed33c4b-0b02-e811-b1b9-bca8a6ba1926', 0)
INSERT [dbo].[CourseModules] ([CourseId], [ModuleId], [Compulsory]) VALUES (N'a0a0efb4-6c36-4b14-b150-abe2a073dc34', N'0fd33c4b-0b02-e811-b1b9-bca8a6ba1926', 0)
INSERT [dbo].[CourseModules] ([CourseId], [ModuleId], [Compulsory]) VALUES (N'a0a0efb4-6c36-4b14-b150-abe2a073dc34', N'10d33c4b-0b02-e811-b1b9-bca8a6ba1926', 0)
INSERT [dbo].[CourseModules] ([CourseId], [ModuleId], [Compulsory]) VALUES (N'a0a0efb4-6c36-4b14-b150-abe2a073dc34', N'11d33c4b-0b02-e811-b1b9-bca8a6ba1926', 0)
INSERT [dbo].[CourseModules] ([CourseId], [ModuleId], [Compulsory]) VALUES (N'a0a0efb4-6c36-4b14-b150-abe2a073dc34', N'12d33c4b-0b02-e811-b1b9-bca8a6ba1926', 0)
INSERT [dbo].[CourseModules] ([CourseId], [ModuleId], [Compulsory]) VALUES (N'a0a0efb4-6c36-4b14-b150-abe2a073dc34', N'13d33c4b-0b02-e811-b1b9-bca8a6ba1926', 0)
INSERT [dbo].[CourseModules] ([CourseId], [ModuleId], [Compulsory]) VALUES (N'a0a0efb4-6c36-4b14-b150-abe2a073dc34', N'14d33c4b-0b02-e811-b1b9-bca8a6ba1926', 0)
INSERT [dbo].[CourseModules] ([CourseId], [ModuleId], [Compulsory]) VALUES (N'a0a0efb4-6c36-4b14-b150-abe2a073dc34', N'15d33c4b-0b02-e811-b1b9-bca8a6ba1926', 1)
INSERT [dbo].[CourseModules] ([CourseId], [ModuleId], [Compulsory]) VALUES (N'a0a0efb4-6c36-4b14-b150-abe2a073dc34', N'650e5161-cc31-e811-b1be-bca8a6ba1926', 0)
INSERT [dbo].[CourseModules] ([CourseId], [ModuleId], [Compulsory]) VALUES (N'0abbdabd-12ab-4a85-9233-d11ba88e6fe5', N'dbd23c4b-0b02-e811-b1b9-bca8a6ba1926', 1)
INSERT [dbo].[CourseModules] ([CourseId], [ModuleId], [Compulsory]) VALUES (N'0abbdabd-12ab-4a85-9233-d11ba88e6fe5', N'dcd23c4b-0b02-e811-b1b9-bca8a6ba1926', 1)
INSERT [dbo].[CourseModules] ([CourseId], [ModuleId], [Compulsory]) VALUES (N'0abbdabd-12ab-4a85-9233-d11ba88e6fe5', N'ddd23c4b-0b02-e811-b1b9-bca8a6ba1926', 1)
INSERT [dbo].[CourseModules] ([CourseId], [ModuleId], [Compulsory]) VALUES (N'0abbdabd-12ab-4a85-9233-d11ba88e6fe5', N'ded23c4b-0b02-e811-b1b9-bca8a6ba1926', 1)
INSERT [dbo].[CourseModules] ([CourseId], [ModuleId], [Compulsory]) VALUES (N'0abbdabd-12ab-4a85-9233-d11ba88e6fe5', N'dfd23c4b-0b02-e811-b1b9-bca8a6ba1926', 1)
INSERT [dbo].[CourseModules] ([CourseId], [ModuleId], [Compulsory]) VALUES (N'0abbdabd-12ab-4a85-9233-d11ba88e6fe5', N'e0d23c4b-0b02-e811-b1b9-bca8a6ba1926', 1)
INSERT [dbo].[CourseModules] ([CourseId], [ModuleId], [Compulsory]) VALUES (N'0abbdabd-12ab-4a85-9233-d11ba88e6fe5', N'e1d23c4b-0b02-e811-b1b9-bca8a6ba1926', 1)
INSERT [dbo].[CourseModules] ([CourseId], [ModuleId], [Compulsory]) VALUES (N'0abbdabd-12ab-4a85-9233-d11ba88e6fe5', N'e2d23c4b-0b02-e811-b1b9-bca8a6ba1926', 1)
INSERT [dbo].[CourseModules] ([CourseId], [ModuleId], [Compulsory]) VALUES (N'0abbdabd-12ab-4a85-9233-d11ba88e6fe5', N'e3d23c4b-0b02-e811-b1b9-bca8a6ba1926', 1)
INSERT [dbo].[CourseModules] ([CourseId], [ModuleId], [Compulsory]) VALUES (N'0abbdabd-12ab-4a85-9233-d11ba88e6fe5', N'e4d23c4b-0b02-e811-b1b9-bca8a6ba1926', 1)
INSERT [dbo].[CourseModules] ([CourseId], [ModuleId], [Compulsory]) VALUES (N'0abbdabd-12ab-4a85-9233-d11ba88e6fe5', N'e5d23c4b-0b02-e811-b1b9-bca8a6ba1926', 1)
INSERT [dbo].[CourseModules] ([CourseId], [ModuleId], [Compulsory]) VALUES (N'0abbdabd-12ab-4a85-9233-d11ba88e6fe5', N'e6d23c4b-0b02-e811-b1b9-bca8a6ba1926', 0)
INSERT [dbo].[CourseModules] ([CourseId], [ModuleId], [Compulsory]) VALUES (N'0abbdabd-12ab-4a85-9233-d11ba88e6fe5', N'e7d23c4b-0b02-e811-b1b9-bca8a6ba1926', 0)
INSERT [dbo].[CourseModules] ([CourseId], [ModuleId], [Compulsory]) VALUES (N'0abbdabd-12ab-4a85-9233-d11ba88e6fe5', N'e8d23c4b-0b02-e811-b1b9-bca8a6ba1926', 0)
INSERT [dbo].[CourseModules] ([CourseId], [ModuleId], [Compulsory]) VALUES (N'0abbdabd-12ab-4a85-9233-d11ba88e6fe5', N'e9d23c4b-0b02-e811-b1b9-bca8a6ba1926', 1)
INSERT [dbo].[CourseModules] ([CourseId], [ModuleId], [Compulsory]) VALUES (N'0abbdabd-12ab-4a85-9233-d11ba88e6fe5', N'ead23c4b-0b02-e811-b1b9-bca8a6ba1926', 1)
INSERT [dbo].[CourseModules] ([CourseId], [ModuleId], [Compulsory]) VALUES (N'0abbdabd-12ab-4a85-9233-d11ba88e6fe5', N'ebd23c4b-0b02-e811-b1b9-bca8a6ba1926', 1)
INSERT [dbo].[CourseModules] ([CourseId], [ModuleId], [Compulsory]) VALUES (N'0abbdabd-12ab-4a85-9233-d11ba88e6fe5', N'ecd23c4b-0b02-e811-b1b9-bca8a6ba1926', 1)
INSERT [dbo].[CourseModules] ([CourseId], [ModuleId], [Compulsory]) VALUES (N'0abbdabd-12ab-4a85-9233-d11ba88e6fe5', N'edd23c4b-0b02-e811-b1b9-bca8a6ba1926', 1)
INSERT [dbo].[CourseModules] ([CourseId], [ModuleId], [Compulsory]) VALUES (N'0abbdabd-12ab-4a85-9233-d11ba88e6fe5', N'eed23c4b-0b02-e811-b1b9-bca8a6ba1926', 1)
INSERT [dbo].[CourseModules] ([CourseId], [ModuleId], [Compulsory]) VALUES (N'0abbdabd-12ab-4a85-9233-d11ba88e6fe5', N'efd23c4b-0b02-e811-b1b9-bca8a6ba1926', 1)
INSERT [dbo].[CourseModules] ([CourseId], [ModuleId], [Compulsory]) VALUES (N'0abbdabd-12ab-4a85-9233-d11ba88e6fe5', N'f0d23c4b-0b02-e811-b1b9-bca8a6ba1926', 1)
INSERT [dbo].[CourseModules] ([CourseId], [ModuleId], [Compulsory]) VALUES (N'0abbdabd-12ab-4a85-9233-d11ba88e6fe5', N'f1d23c4b-0b02-e811-b1b9-bca8a6ba1926', 1)
INSERT [dbo].[CourseModules] ([CourseId], [ModuleId], [Compulsory]) VALUES (N'0abbdabd-12ab-4a85-9233-d11ba88e6fe5', N'f2d23c4b-0b02-e811-b1b9-bca8a6ba1926', 0)
INSERT [dbo].[CourseModules] ([CourseId], [ModuleId], [Compulsory]) VALUES (N'0abbdabd-12ab-4a85-9233-d11ba88e6fe5', N'f3d23c4b-0b02-e811-b1b9-bca8a6ba1926', 0)
INSERT [dbo].[CourseModules] ([CourseId], [ModuleId], [Compulsory]) VALUES (N'0abbdabd-12ab-4a85-9233-d11ba88e6fe5', N'f4d23c4b-0b02-e811-b1b9-bca8a6ba1926', 0)
INSERT [dbo].[CourseModules] ([CourseId], [ModuleId], [Compulsory]) VALUES (N'0abbdabd-12ab-4a85-9233-d11ba88e6fe5', N'f5d23c4b-0b02-e811-b1b9-bca8a6ba1926', 0)
INSERT [dbo].[CourseModules] ([CourseId], [ModuleId], [Compulsory]) VALUES (N'0abbdabd-12ab-4a85-9233-d11ba88e6fe5', N'f6d23c4b-0b02-e811-b1b9-bca8a6ba1926', 0)
INSERT [dbo].[CourseModules] ([CourseId], [ModuleId], [Compulsory]) VALUES (N'0abbdabd-12ab-4a85-9233-d11ba88e6fe5', N'f7d23c4b-0b02-e811-b1b9-bca8a6ba1926', 0)
INSERT [dbo].[CourseModules] ([CourseId], [ModuleId], [Compulsory]) VALUES (N'0abbdabd-12ab-4a85-9233-d11ba88e6fe5', N'f8d23c4b-0b02-e811-b1b9-bca8a6ba1926', 0)
INSERT [dbo].[CourseModules] ([CourseId], [ModuleId], [Compulsory]) VALUES (N'0abbdabd-12ab-4a85-9233-d11ba88e6fe5', N'f9d23c4b-0b02-e811-b1b9-bca8a6ba1926', 0)
INSERT [dbo].[CourseModules] ([CourseId], [ModuleId], [Compulsory]) VALUES (N'0abbdabd-12ab-4a85-9233-d11ba88e6fe5', N'fad23c4b-0b02-e811-b1b9-bca8a6ba1926', 1)
INSERT [dbo].[CourseModules] ([CourseId], [ModuleId], [Compulsory]) VALUES (N'0abbdabd-12ab-4a85-9233-d11ba88e6fe5', N'fbd23c4b-0b02-e811-b1b9-bca8a6ba1926', 0)
INSERT [dbo].[CourseModules] ([CourseId], [ModuleId], [Compulsory]) VALUES (N'0abbdabd-12ab-4a85-9233-d11ba88e6fe5', N'fcd23c4b-0b02-e811-b1b9-bca8a6ba1926', 0)
INSERT [dbo].[CourseModules] ([CourseId], [ModuleId], [Compulsory]) VALUES (N'0abbdabd-12ab-4a85-9233-d11ba88e6fe5', N'fdd23c4b-0b02-e811-b1b9-bca8a6ba1926', 0)
INSERT [dbo].[CourseModules] ([CourseId], [ModuleId], [Compulsory]) VALUES (N'0abbdabd-12ab-4a85-9233-d11ba88e6fe5', N'fed23c4b-0b02-e811-b1b9-bca8a6ba1926', 0)
INSERT [dbo].[CourseModules] ([CourseId], [ModuleId], [Compulsory]) VALUES (N'0abbdabd-12ab-4a85-9233-d11ba88e6fe5', N'ffd23c4b-0b02-e811-b1b9-bca8a6ba1926', 0)
INSERT [dbo].[CourseModules] ([CourseId], [ModuleId], [Compulsory]) VALUES (N'0abbdabd-12ab-4a85-9233-d11ba88e6fe5', N'01d33c4b-0b02-e811-b1b9-bca8a6ba1926', 0)
INSERT [dbo].[CourseModules] ([CourseId], [ModuleId], [Compulsory]) VALUES (N'0abbdabd-12ab-4a85-9233-d11ba88e6fe5', N'02d33c4b-0b02-e811-b1b9-bca8a6ba1926', 0)
INSERT [dbo].[CourseModules] ([CourseId], [ModuleId], [Compulsory]) VALUES (N'0abbdabd-12ab-4a85-9233-d11ba88e6fe5', N'03d33c4b-0b02-e811-b1b9-bca8a6ba1926', 1)
INSERT [dbo].[CourseModules] ([CourseId], [ModuleId], [Compulsory]) VALUES (N'0abbdabd-12ab-4a85-9233-d11ba88e6fe5', N'08d33c4b-0b02-e811-b1b9-bca8a6ba1926', 1)
INSERT [dbo].[CourseModules] ([CourseId], [ModuleId], [Compulsory]) VALUES (N'0abbdabd-12ab-4a85-9233-d11ba88e6fe5', N'09d33c4b-0b02-e811-b1b9-bca8a6ba1926', 1)
INSERT [dbo].[CourseModules] ([CourseId], [ModuleId], [Compulsory]) VALUES (N'0abbdabd-12ab-4a85-9233-d11ba88e6fe5', N'0ad33c4b-0b02-e811-b1b9-bca8a6ba1926', 1)
INSERT [dbo].[CourseModules] ([CourseId], [ModuleId], [Compulsory]) VALUES (N'0abbdabd-12ab-4a85-9233-d11ba88e6fe5', N'0bd33c4b-0b02-e811-b1b9-bca8a6ba1926', 1)
INSERT [dbo].[CourseModules] ([CourseId], [ModuleId], [Compulsory]) VALUES (N'0abbdabd-12ab-4a85-9233-d11ba88e6fe5', N'0cd33c4b-0b02-e811-b1b9-bca8a6ba1926', 1)
INSERT [dbo].[CourseModules] ([CourseId], [ModuleId], [Compulsory]) VALUES (N'0abbdabd-12ab-4a85-9233-d11ba88e6fe5', N'0dd33c4b-0b02-e811-b1b9-bca8a6ba1926', 1)
INSERT [dbo].[CourseModules] ([CourseId], [ModuleId], [Compulsory]) VALUES (N'0abbdabd-12ab-4a85-9233-d11ba88e6fe5', N'15d33c4b-0b02-e811-b1b9-bca8a6ba1926', 1)
INSERT [dbo].[CourseModules] ([CourseId], [ModuleId], [Compulsory]) VALUES (N'3827a994-f19b-419c-9242-ef6d0b17ed29', N'dbd23c4b-0b02-e811-b1b9-bca8a6ba1926', 1)
INSERT [dbo].[CourseModules] ([CourseId], [ModuleId], [Compulsory]) VALUES (N'3827a994-f19b-419c-9242-ef6d0b17ed29', N'dcd23c4b-0b02-e811-b1b9-bca8a6ba1926', 1)
INSERT [dbo].[CourseModules] ([CourseId], [ModuleId], [Compulsory]) VALUES (N'3827a994-f19b-419c-9242-ef6d0b17ed29', N'ddd23c4b-0b02-e811-b1b9-bca8a6ba1926', 1)
INSERT [dbo].[CourseModules] ([CourseId], [ModuleId], [Compulsory]) VALUES (N'3827a994-f19b-419c-9242-ef6d0b17ed29', N'ded23c4b-0b02-e811-b1b9-bca8a6ba1926', 1)
INSERT [dbo].[CourseModules] ([CourseId], [ModuleId], [Compulsory]) VALUES (N'3827a994-f19b-419c-9242-ef6d0b17ed29', N'dfd23c4b-0b02-e811-b1b9-bca8a6ba1926', 1)
INSERT [dbo].[CourseModules] ([CourseId], [ModuleId], [Compulsory]) VALUES (N'3827a994-f19b-419c-9242-ef6d0b17ed29', N'e0d23c4b-0b02-e811-b1b9-bca8a6ba1926', 1)
INSERT [dbo].[CourseModules] ([CourseId], [ModuleId], [Compulsory]) VALUES (N'3827a994-f19b-419c-9242-ef6d0b17ed29', N'e1d23c4b-0b02-e811-b1b9-bca8a6ba1926', 1)
INSERT [dbo].[CourseModules] ([CourseId], [ModuleId], [Compulsory]) VALUES (N'3827a994-f19b-419c-9242-ef6d0b17ed29', N'e2d23c4b-0b02-e811-b1b9-bca8a6ba1926', 1)
INSERT [dbo].[CourseModules] ([CourseId], [ModuleId], [Compulsory]) VALUES (N'3827a994-f19b-419c-9242-ef6d0b17ed29', N'e3d23c4b-0b02-e811-b1b9-bca8a6ba1926', 1)
INSERT [dbo].[CourseModules] ([CourseId], [ModuleId], [Compulsory]) VALUES (N'3827a994-f19b-419c-9242-ef6d0b17ed29', N'e4d23c4b-0b02-e811-b1b9-bca8a6ba1926', 1)
INSERT [dbo].[CourseModules] ([CourseId], [ModuleId], [Compulsory]) VALUES (N'3827a994-f19b-419c-9242-ef6d0b17ed29', N'e5d23c4b-0b02-e811-b1b9-bca8a6ba1926', 1)
INSERT [dbo].[CourseModules] ([CourseId], [ModuleId], [Compulsory]) VALUES (N'3827a994-f19b-419c-9242-ef6d0b17ed29', N'e6d23c4b-0b02-e811-b1b9-bca8a6ba1926', 0)
INSERT [dbo].[CourseModules] ([CourseId], [ModuleId], [Compulsory]) VALUES (N'3827a994-f19b-419c-9242-ef6d0b17ed29', N'e7d23c4b-0b02-e811-b1b9-bca8a6ba1926', 0)
INSERT [dbo].[CourseModules] ([CourseId], [ModuleId], [Compulsory]) VALUES (N'3827a994-f19b-419c-9242-ef6d0b17ed29', N'e8d23c4b-0b02-e811-b1b9-bca8a6ba1926', 1)
INSERT [dbo].[CourseModules] ([CourseId], [ModuleId], [Compulsory]) VALUES (N'3827a994-f19b-419c-9242-ef6d0b17ed29', N'e9d23c4b-0b02-e811-b1b9-bca8a6ba1926', 1)
INSERT [dbo].[CourseModules] ([CourseId], [ModuleId], [Compulsory]) VALUES (N'3827a994-f19b-419c-9242-ef6d0b17ed29', N'ead23c4b-0b02-e811-b1b9-bca8a6ba1926', 1)
INSERT [dbo].[CourseModules] ([CourseId], [ModuleId], [Compulsory]) VALUES (N'3827a994-f19b-419c-9242-ef6d0b17ed29', N'ebd23c4b-0b02-e811-b1b9-bca8a6ba1926', 1)
INSERT [dbo].[CourseModules] ([CourseId], [ModuleId], [Compulsory]) VALUES (N'3827a994-f19b-419c-9242-ef6d0b17ed29', N'ecd23c4b-0b02-e811-b1b9-bca8a6ba1926', 1)
INSERT [dbo].[CourseModules] ([CourseId], [ModuleId], [Compulsory]) VALUES (N'3827a994-f19b-419c-9242-ef6d0b17ed29', N'edd23c4b-0b02-e811-b1b9-bca8a6ba1926', 1)
INSERT [dbo].[CourseModules] ([CourseId], [ModuleId], [Compulsory]) VALUES (N'3827a994-f19b-419c-9242-ef6d0b17ed29', N'eed23c4b-0b02-e811-b1b9-bca8a6ba1926', 1)
INSERT [dbo].[CourseModules] ([CourseId], [ModuleId], [Compulsory]) VALUES (N'3827a994-f19b-419c-9242-ef6d0b17ed29', N'efd23c4b-0b02-e811-b1b9-bca8a6ba1926', 1)
INSERT [dbo].[CourseModules] ([CourseId], [ModuleId], [Compulsory]) VALUES (N'3827a994-f19b-419c-9242-ef6d0b17ed29', N'f0d23c4b-0b02-e811-b1b9-bca8a6ba1926', 1)
INSERT [dbo].[CourseModules] ([CourseId], [ModuleId], [Compulsory]) VALUES (N'3827a994-f19b-419c-9242-ef6d0b17ed29', N'f1d23c4b-0b02-e811-b1b9-bca8a6ba1926', 1)
INSERT [dbo].[CourseModules] ([CourseId], [ModuleId], [Compulsory]) VALUES (N'3827a994-f19b-419c-9242-ef6d0b17ed29', N'f2d23c4b-0b02-e811-b1b9-bca8a6ba1926', 0)
INSERT [dbo].[CourseModules] ([CourseId], [ModuleId], [Compulsory]) VALUES (N'3827a994-f19b-419c-9242-ef6d0b17ed29', N'f3d23c4b-0b02-e811-b1b9-bca8a6ba1926', 0)
INSERT [dbo].[CourseModules] ([CourseId], [ModuleId], [Compulsory]) VALUES (N'3827a994-f19b-419c-9242-ef6d0b17ed29', N'f4d23c4b-0b02-e811-b1b9-bca8a6ba1926', 0)
INSERT [dbo].[CourseModules] ([CourseId], [ModuleId], [Compulsory]) VALUES (N'3827a994-f19b-419c-9242-ef6d0b17ed29', N'f5d23c4b-0b02-e811-b1b9-bca8a6ba1926', 0)
INSERT [dbo].[CourseModules] ([CourseId], [ModuleId], [Compulsory]) VALUES (N'3827a994-f19b-419c-9242-ef6d0b17ed29', N'f6d23c4b-0b02-e811-b1b9-bca8a6ba1926', 0)
INSERT [dbo].[CourseModules] ([CourseId], [ModuleId], [Compulsory]) VALUES (N'3827a994-f19b-419c-9242-ef6d0b17ed29', N'f7d23c4b-0b02-e811-b1b9-bca8a6ba1926', 0)
INSERT [dbo].[CourseModules] ([CourseId], [ModuleId], [Compulsory]) VALUES (N'3827a994-f19b-419c-9242-ef6d0b17ed29', N'f8d23c4b-0b02-e811-b1b9-bca8a6ba1926', 0)
INSERT [dbo].[CourseModules] ([CourseId], [ModuleId], [Compulsory]) VALUES (N'3827a994-f19b-419c-9242-ef6d0b17ed29', N'f9d23c4b-0b02-e811-b1b9-bca8a6ba1926', 0)
INSERT [dbo].[CourseModules] ([CourseId], [ModuleId], [Compulsory]) VALUES (N'3827a994-f19b-419c-9242-ef6d0b17ed29', N'fad23c4b-0b02-e811-b1b9-bca8a6ba1926', 0)
INSERT [dbo].[CourseModules] ([CourseId], [ModuleId], [Compulsory]) VALUES (N'3827a994-f19b-419c-9242-ef6d0b17ed29', N'fbd23c4b-0b02-e811-b1b9-bca8a6ba1926', 0)
INSERT [dbo].[CourseModules] ([CourseId], [ModuleId], [Compulsory]) VALUES (N'3827a994-f19b-419c-9242-ef6d0b17ed29', N'fcd23c4b-0b02-e811-b1b9-bca8a6ba1926', 0)
INSERT [dbo].[CourseModules] ([CourseId], [ModuleId], [Compulsory]) VALUES (N'3827a994-f19b-419c-9242-ef6d0b17ed29', N'fdd23c4b-0b02-e811-b1b9-bca8a6ba1926', 0)
INSERT [dbo].[CourseModules] ([CourseId], [ModuleId], [Compulsory]) VALUES (N'3827a994-f19b-419c-9242-ef6d0b17ed29', N'fed23c4b-0b02-e811-b1b9-bca8a6ba1926', 1)
INSERT [dbo].[CourseModules] ([CourseId], [ModuleId], [Compulsory]) VALUES (N'3827a994-f19b-419c-9242-ef6d0b17ed29', N'ffd23c4b-0b02-e811-b1b9-bca8a6ba1926', 1)
INSERT [dbo].[CourseModules] ([CourseId], [ModuleId], [Compulsory]) VALUES (N'3827a994-f19b-419c-9242-ef6d0b17ed29', N'00d33c4b-0b02-e811-b1b9-bca8a6ba1926', 0)
INSERT [dbo].[CourseModules] ([CourseId], [ModuleId], [Compulsory]) VALUES (N'3827a994-f19b-419c-9242-ef6d0b17ed29', N'01d33c4b-0b02-e811-b1b9-bca8a6ba1926', 0)
INSERT [dbo].[CourseModules] ([CourseId], [ModuleId], [Compulsory]) VALUES (N'3827a994-f19b-419c-9242-ef6d0b17ed29', N'02d33c4b-0b02-e811-b1b9-bca8a6ba1926', 1)
INSERT [dbo].[CourseModules] ([CourseId], [ModuleId], [Compulsory]) VALUES (N'3827a994-f19b-419c-9242-ef6d0b17ed29', N'03d33c4b-0b02-e811-b1b9-bca8a6ba1926', 1)
INSERT [dbo].[CourseModules] ([CourseId], [ModuleId], [Compulsory]) VALUES (N'3827a994-f19b-419c-9242-ef6d0b17ed29', N'04d33c4b-0b02-e811-b1b9-bca8a6ba1926', 0)
INSERT [dbo].[CourseModules] ([CourseId], [ModuleId], [Compulsory]) VALUES (N'3827a994-f19b-419c-9242-ef6d0b17ed29', N'06d33c4b-0b02-e811-b1b9-bca8a6ba1926', 0)
INSERT [dbo].[CourseModules] ([CourseId], [ModuleId], [Compulsory]) VALUES (N'3827a994-f19b-419c-9242-ef6d0b17ed29', N'07d33c4b-0b02-e811-b1b9-bca8a6ba1926', 0)
GO
INSERT [dbo].[CourseModules] ([CourseId], [ModuleId], [Compulsory]) VALUES (N'3827a994-f19b-419c-9242-ef6d0b17ed29', N'08d33c4b-0b02-e811-b1b9-bca8a6ba1926', 0)
INSERT [dbo].[CourseModules] ([CourseId], [ModuleId], [Compulsory]) VALUES (N'3827a994-f19b-419c-9242-ef6d0b17ed29', N'0ed33c4b-0b02-e811-b1b9-bca8a6ba1926', 0)
INSERT [dbo].[CourseModules] ([CourseId], [ModuleId], [Compulsory]) VALUES (N'3827a994-f19b-419c-9242-ef6d0b17ed29', N'10d33c4b-0b02-e811-b1b9-bca8a6ba1926', 0)
INSERT [dbo].[CourseModules] ([CourseId], [ModuleId], [Compulsory]) VALUES (N'3827a994-f19b-419c-9242-ef6d0b17ed29', N'11d33c4b-0b02-e811-b1b9-bca8a6ba1926', 1)
INSERT [dbo].[CourseModules] ([CourseId], [ModuleId], [Compulsory]) VALUES (N'3827a994-f19b-419c-9242-ef6d0b17ed29', N'12d33c4b-0b02-e811-b1b9-bca8a6ba1926', 1)
INSERT [dbo].[CourseModules] ([CourseId], [ModuleId], [Compulsory]) VALUES (N'3827a994-f19b-419c-9242-ef6d0b17ed29', N'14d33c4b-0b02-e811-b1b9-bca8a6ba1926', 0)
INSERT [dbo].[CourseModules] ([CourseId], [ModuleId], [Compulsory]) VALUES (N'3827a994-f19b-419c-9242-ef6d0b17ed29', N'15d33c4b-0b02-e811-b1b9-bca8a6ba1926', 1)
INSERT [dbo].[CourseModules] ([CourseId], [ModuleId], [Compulsory]) VALUES (N'3827a994-f19b-419c-9242-ef6d0b17ed29', N'650e5161-cc31-e811-b1be-bca8a6ba1926', 1)
INSERT [dbo].[Courses] ([Id], [Title], [NumberOfYears]) VALUES (N'00000000-0000-0000-0000-000000000000', N'Applied Computer Science', 0)
INSERT [dbo].[Courses] ([Id], [Title], [NumberOfYears]) VALUES (N'deed73ee-e193-460b-8cba-24548dd860b6', N'New Course!', 2)
INSERT [dbo].[Courses] ([Id], [Title], [NumberOfYears]) VALUES (N'a0a0efb4-6c36-4b14-b150-abe2a073dc34', N'Computer Science', 0)
INSERT [dbo].[Courses] ([Id], [Title], [NumberOfYears]) VALUES (N'0abbdabd-12ab-4a85-9233-d11ba88e6fe5', N'High Performance Graphics and Game Engineering', 4)
INSERT [dbo].[Courses] ([Id], [Title], [NumberOfYears]) VALUES (N'443208f1-638d-4f5f-b74b-e39ba3582d05', N'TestCourse', 3)
INSERT [dbo].[Courses] ([Id], [Title], [NumberOfYears]) VALUES (N'3827a994-f19b-419c-9242-ef6d0b17ed29', N'Computer Science with Artificial Intelligence', 4)
INSERT [dbo].[Logins] ([Username], [Password], [UserId]) VALUES (N'alexg', N'Password1', N'77bc74c1-7632-e811-b1be-bca8a6ba1926')
INSERT [dbo].[Logins] ([Username], [Password], [UserId]) VALUES (N'benw', N'Password1', N'8467c018-7b32-e811-b1be-bca8a6ba1926')
INSERT [dbo].[Logins] ([Username], [Password], [UserId]) VALUES (N'bobmarley1', N'Password1', N'a10fcd9a-2d59-e811-b1c4-bca8a6ba1926')
INSERT [dbo].[Logins] ([Username], [Password], [UserId]) VALUES (N'callumgoodridge1', N'Password1', N'f351d566-0731-e811-b1be-bca8a6ba1926')
INSERT [dbo].[Logins] ([Username], [Password], [UserId]) VALUES (N'claratanner', N'Password1', N'777c92a7-f131-e811-b1be-bca8a6ba1926')
INSERT [dbo].[Logins] ([Username], [Password], [UserId]) VALUES (N'craigc', N'Password1', N'2ae30ad4-7a32-e811-b1be-bca8a6ba1926')
INSERT [dbo].[Logins] ([Username], [Password], [UserId]) VALUES (N'demo', N'demo', N'8aeb038b-2d0f-e811-b1ba-bca8a6ba1926')
INSERT [dbo].[Logins] ([Username], [Password], [UserId]) VALUES (N'dominicg', N'Password1', N'e0284f18-7c32-e811-b1be-bca8a6ba1926')
INSERT [dbo].[Logins] ([Username], [Password], [UserId]) VALUES (N'ellieb', N'Password1', N'3219b2d7-7732-e811-b1be-bca8a6ba1926')
INSERT [dbo].[Logins] ([Username], [Password], [UserId]) VALUES (N'frankw', N'Password1', N'65aa096f-7932-e811-b1be-bca8a6ba1926')
INSERT [dbo].[Logins] ([Username], [Password], [UserId]) VALUES (N'georgeneumann1', N'Password1', N'44d517ca-0731-e811-b1be-bca8a6ba1926')
INSERT [dbo].[Logins] ([Username], [Password], [UserId]) VALUES (N'gregwhiteley', N'Password1', N'3b3d95c3-f131-e811-b1be-bca8a6ba1926')
INSERT [dbo].[Logins] ([Username], [Password], [UserId]) VALUES (N'hannahd', N'Password1', N'135b58a7-7b32-e811-b1be-bca8a6ba1926')
INSERT [dbo].[Logins] ([Username], [Password], [UserId]) VALUES (N'harryp', N'Password1', N'08844ad0-7832-e811-b1be-bca8a6ba1926')
INSERT [dbo].[Logins] ([Username], [Password], [UserId]) VALUES (N'joer', N'Password1', N'16826351-7b32-e811-b1be-bca8a6ba1926')
INSERT [dbo].[Logins] ([Username], [Password], [UserId]) VALUES (N'jorj', N'Password1', N'4dcc629d-f131-e811-b1be-bca8a6ba1926')
INSERT [dbo].[Logins] ([Username], [Password], [UserId]) VALUES (N'miker', N'Password1', N'fa5be68e-7832-e811-b1be-bca8a6ba1926')
INSERT [dbo].[Logins] ([Username], [Password], [UserId]) VALUES (N'rachelr', N'Password1', N'4a214edf-7b32-e811-b1be-bca8a6ba1926')
INSERT [dbo].[Logins] ([Username], [Password], [UserId]) VALUES (N'sophiej', N'Password1', N'd4c1da0d-7732-e811-b1be-bca8a6ba1926')
INSERT [dbo].[Logins] ([Username], [Password], [UserId]) VALUES (N'stans', N'Password1', N'3645d543-7732-e811-b1be-bca8a6ba1926')
INSERT [dbo].[Logins] ([Username], [Password], [UserId]) VALUES (N'student', N'student', N'88eb038b-2d0f-e811-b1ba-bca8a6ba1926')
INSERT [dbo].[Logins] ([Username], [Password], [UserId]) VALUES (N'tomf', N'Password1', N'e44e7e5c-7832-e811-b1be-bca8a6ba1926')
INSERT [dbo].[Logins] ([Username], [Password], [UserId]) VALUES (N'twills', N'Password1', N'da6d358f-f131-e811-b1be-bca8a6ba1926')
INSERT [dbo].[Memberships] ([UserId], [RoleId]) VALUES (N'63b32c0b-7b0e-e811-b1ba-bca8a6ba1926', 1)
INSERT [dbo].[Memberships] ([UserId], [RoleId]) VALUES (N'3da8e2c8-290f-e811-b1ba-bca8a6ba1926', 1)
INSERT [dbo].[Memberships] ([UserId], [RoleId]) VALUES (N'8aeb038b-2d0f-e811-b1ba-bca8a6ba1926', 1)
INSERT [dbo].[Memberships] ([UserId], [RoleId]) VALUES (N'3da8e2c8-290f-e811-b1ba-bca8a6ba1926', 2)
INSERT [dbo].[Memberships] ([UserId], [RoleId]) VALUES (N'88eb038b-2d0f-e811-b1ba-bca8a6ba1926', 2)
INSERT [dbo].[Memberships] ([UserId], [RoleId]) VALUES (N'8aeb038b-2d0f-e811-b1ba-bca8a6ba1926', 2)
INSERT [dbo].[Memberships] ([UserId], [RoleId]) VALUES (N'f351d566-0731-e811-b1be-bca8a6ba1926', 2)
INSERT [dbo].[Memberships] ([UserId], [RoleId]) VALUES (N'44d517ca-0731-e811-b1be-bca8a6ba1926', 2)
INSERT [dbo].[Memberships] ([UserId], [RoleId]) VALUES (N'da6d358f-f131-e811-b1be-bca8a6ba1926', 2)
INSERT [dbo].[Memberships] ([UserId], [RoleId]) VALUES (N'4dcc629d-f131-e811-b1be-bca8a6ba1926', 2)
INSERT [dbo].[Memberships] ([UserId], [RoleId]) VALUES (N'777c92a7-f131-e811-b1be-bca8a6ba1926', 2)
INSERT [dbo].[Memberships] ([UserId], [RoleId]) VALUES (N'3b3d95c3-f131-e811-b1be-bca8a6ba1926', 2)
INSERT [dbo].[Memberships] ([UserId], [RoleId]) VALUES (N'77bc74c1-7632-e811-b1be-bca8a6ba1926', 2)
INSERT [dbo].[Memberships] ([UserId], [RoleId]) VALUES (N'd4c1da0d-7732-e811-b1be-bca8a6ba1926', 2)
INSERT [dbo].[Memberships] ([UserId], [RoleId]) VALUES (N'3645d543-7732-e811-b1be-bca8a6ba1926', 2)
INSERT [dbo].[Memberships] ([UserId], [RoleId]) VALUES (N'3219b2d7-7732-e811-b1be-bca8a6ba1926', 2)
INSERT [dbo].[Memberships] ([UserId], [RoleId]) VALUES (N'e44e7e5c-7832-e811-b1be-bca8a6ba1926', 2)
INSERT [dbo].[Memberships] ([UserId], [RoleId]) VALUES (N'fa5be68e-7832-e811-b1be-bca8a6ba1926', 2)
INSERT [dbo].[Memberships] ([UserId], [RoleId]) VALUES (N'08844ad0-7832-e811-b1be-bca8a6ba1926', 2)
INSERT [dbo].[Memberships] ([UserId], [RoleId]) VALUES (N'65aa096f-7932-e811-b1be-bca8a6ba1926', 2)
INSERT [dbo].[Memberships] ([UserId], [RoleId]) VALUES (N'2ae30ad4-7a32-e811-b1be-bca8a6ba1926', 2)
INSERT [dbo].[Memberships] ([UserId], [RoleId]) VALUES (N'8467c018-7b32-e811-b1be-bca8a6ba1926', 2)
INSERT [dbo].[Memberships] ([UserId], [RoleId]) VALUES (N'16826351-7b32-e811-b1be-bca8a6ba1926', 2)
INSERT [dbo].[Memberships] ([UserId], [RoleId]) VALUES (N'135b58a7-7b32-e811-b1be-bca8a6ba1926', 2)
INSERT [dbo].[Memberships] ([UserId], [RoleId]) VALUES (N'4a214edf-7b32-e811-b1be-bca8a6ba1926', 2)
INSERT [dbo].[Memberships] ([UserId], [RoleId]) VALUES (N'e0284f18-7c32-e811-b1be-bca8a6ba1926', 2)
INSERT [dbo].[Memberships] ([UserId], [RoleId]) VALUES (N'a10fcd9a-2d59-e811-b1c4-bca8a6ba1926', 2)
INSERT [dbo].[ModuleLinks] ([ModuleId], [PrerequisiteId]) VALUES (N'dcd23c4b-0b02-e811-b1b9-bca8a6ba1926', N'dbd23c4b-0b02-e811-b1b9-bca8a6ba1926')
INSERT [dbo].[ModuleLinks] ([ModuleId], [PrerequisiteId]) VALUES (N'e6d23c4b-0b02-e811-b1b9-bca8a6ba1926', N'dcd23c4b-0b02-e811-b1b9-bca8a6ba1926')
INSERT [dbo].[ModuleLinks] ([ModuleId], [PrerequisiteId]) VALUES (N'e8d23c4b-0b02-e811-b1b9-bca8a6ba1926', N'ddd23c4b-0b02-e811-b1b9-bca8a6ba1926')
INSERT [dbo].[ModuleLinks] ([ModuleId], [PrerequisiteId]) VALUES (N'dfd23c4b-0b02-e811-b1b9-bca8a6ba1926', N'ded23c4b-0b02-e811-b1b9-bca8a6ba1926')
INSERT [dbo].[ModuleLinks] ([ModuleId], [PrerequisiteId]) VALUES (N'e9d23c4b-0b02-e811-b1b9-bca8a6ba1926', N'dfd23c4b-0b02-e811-b1b9-bca8a6ba1926')
INSERT [dbo].[ModuleLinks] ([ModuleId], [PrerequisiteId]) VALUES (N'e1d23c4b-0b02-e811-b1b9-bca8a6ba1926', N'e0d23c4b-0b02-e811-b1b9-bca8a6ba1926')
INSERT [dbo].[ModuleLinks] ([ModuleId], [PrerequisiteId]) VALUES (N'e2d23c4b-0b02-e811-b1b9-bca8a6ba1926', N'e0d23c4b-0b02-e811-b1b9-bca8a6ba1926')
INSERT [dbo].[ModuleLinks] ([ModuleId], [PrerequisiteId]) VALUES (N'edd23c4b-0b02-e811-b1b9-bca8a6ba1926', N'e0d23c4b-0b02-e811-b1b9-bca8a6ba1926')
INSERT [dbo].[ModuleLinks] ([ModuleId], [PrerequisiteId]) VALUES (N'f0d23c4b-0b02-e811-b1b9-bca8a6ba1926', N'e0d23c4b-0b02-e811-b1b9-bca8a6ba1926')
INSERT [dbo].[ModuleLinks] ([ModuleId], [PrerequisiteId]) VALUES (N'eed23c4b-0b02-e811-b1b9-bca8a6ba1926', N'e1d23c4b-0b02-e811-b1b9-bca8a6ba1926')
INSERT [dbo].[ModuleLinks] ([ModuleId], [PrerequisiteId]) VALUES (N'01d33c4b-0b02-e811-b1b9-bca8a6ba1926', N'e1d23c4b-0b02-e811-b1b9-bca8a6ba1926')
INSERT [dbo].[ModuleLinks] ([ModuleId], [PrerequisiteId]) VALUES (N'e3d23c4b-0b02-e811-b1b9-bca8a6ba1926', N'e2d23c4b-0b02-e811-b1b9-bca8a6ba1926')
INSERT [dbo].[ModuleLinks] ([ModuleId], [PrerequisiteId]) VALUES (N'e5d23c4b-0b02-e811-b1b9-bca8a6ba1926', N'e2d23c4b-0b02-e811-b1b9-bca8a6ba1926')
INSERT [dbo].[ModuleLinks] ([ModuleId], [PrerequisiteId]) VALUES (N'00d33c4b-0b02-e811-b1b9-bca8a6ba1926', N'e2d23c4b-0b02-e811-b1b9-bca8a6ba1926')
INSERT [dbo].[ModuleLinks] ([ModuleId], [PrerequisiteId]) VALUES (N'ecd23c4b-0b02-e811-b1b9-bca8a6ba1926', N'e3d23c4b-0b02-e811-b1b9-bca8a6ba1926')
INSERT [dbo].[ModuleLinks] ([ModuleId], [PrerequisiteId]) VALUES (N'edd23c4b-0b02-e811-b1b9-bca8a6ba1926', N'e3d23c4b-0b02-e811-b1b9-bca8a6ba1926')
INSERT [dbo].[ModuleLinks] ([ModuleId], [PrerequisiteId]) VALUES (N'eed23c4b-0b02-e811-b1b9-bca8a6ba1926', N'e3d23c4b-0b02-e811-b1b9-bca8a6ba1926')
INSERT [dbo].[ModuleLinks] ([ModuleId], [PrerequisiteId]) VALUES (N'f1d23c4b-0b02-e811-b1b9-bca8a6ba1926', N'e3d23c4b-0b02-e811-b1b9-bca8a6ba1926')
INSERT [dbo].[ModuleLinks] ([ModuleId], [PrerequisiteId]) VALUES (N'e5d23c4b-0b02-e811-b1b9-bca8a6ba1926', N'e4d23c4b-0b02-e811-b1b9-bca8a6ba1926')
INSERT [dbo].[ModuleLinks] ([ModuleId], [PrerequisiteId]) VALUES (N'f1d23c4b-0b02-e811-b1b9-bca8a6ba1926', N'e5d23c4b-0b02-e811-b1b9-bca8a6ba1926')
INSERT [dbo].[ModuleLinks] ([ModuleId], [PrerequisiteId]) VALUES (N'f2d23c4b-0b02-e811-b1b9-bca8a6ba1926', N'e5d23c4b-0b02-e811-b1b9-bca8a6ba1926')
INSERT [dbo].[ModuleLinks] ([ModuleId], [PrerequisiteId]) VALUES (N'e7d23c4b-0b02-e811-b1b9-bca8a6ba1926', N'e6d23c4b-0b02-e811-b1b9-bca8a6ba1926')
INSERT [dbo].[ModuleLinks] ([ModuleId], [PrerequisiteId]) VALUES (N'f4d23c4b-0b02-e811-b1b9-bca8a6ba1926', N'e7d23c4b-0b02-e811-b1b9-bca8a6ba1926')
INSERT [dbo].[ModuleLinks] ([ModuleId], [PrerequisiteId]) VALUES (N'f5d23c4b-0b02-e811-b1b9-bca8a6ba1926', N'e8d23c4b-0b02-e811-b1b9-bca8a6ba1926')
INSERT [dbo].[ModuleLinks] ([ModuleId], [PrerequisiteId]) VALUES (N'05d33c4b-0b02-e811-b1b9-bca8a6ba1926', N'e8d23c4b-0b02-e811-b1b9-bca8a6ba1926')
INSERT [dbo].[ModuleLinks] ([ModuleId], [PrerequisiteId]) VALUES (N'ead23c4b-0b02-e811-b1b9-bca8a6ba1926', N'e9d23c4b-0b02-e811-b1b9-bca8a6ba1926')
INSERT [dbo].[ModuleLinks] ([ModuleId], [PrerequisiteId]) VALUES (N'f8d23c4b-0b02-e811-b1b9-bca8a6ba1926', N'e9d23c4b-0b02-e811-b1b9-bca8a6ba1926')
INSERT [dbo].[ModuleLinks] ([ModuleId], [PrerequisiteId]) VALUES (N'f6d23c4b-0b02-e811-b1b9-bca8a6ba1926', N'ead23c4b-0b02-e811-b1b9-bca8a6ba1926')
INSERT [dbo].[ModuleLinks] ([ModuleId], [PrerequisiteId]) VALUES (N'f7d23c4b-0b02-e811-b1b9-bca8a6ba1926', N'ead23c4b-0b02-e811-b1b9-bca8a6ba1926')
INSERT [dbo].[ModuleLinks] ([ModuleId], [PrerequisiteId]) VALUES (N'08d33c4b-0b02-e811-b1b9-bca8a6ba1926', N'ead23c4b-0b02-e811-b1b9-bca8a6ba1926')
INSERT [dbo].[ModuleLinks] ([ModuleId], [PrerequisiteId]) VALUES (N'f8d23c4b-0b02-e811-b1b9-bca8a6ba1926', N'ebd23c4b-0b02-e811-b1b9-bca8a6ba1926')
INSERT [dbo].[ModuleLinks] ([ModuleId], [PrerequisiteId]) VALUES (N'00d33c4b-0b02-e811-b1b9-bca8a6ba1926', N'ebd23c4b-0b02-e811-b1b9-bca8a6ba1926')
INSERT [dbo].[ModuleLinks] ([ModuleId], [PrerequisiteId]) VALUES (N'f9d23c4b-0b02-e811-b1b9-bca8a6ba1926', N'ecd23c4b-0b02-e811-b1b9-bca8a6ba1926')
INSERT [dbo].[ModuleLinks] ([ModuleId], [PrerequisiteId]) VALUES (N'fad23c4b-0b02-e811-b1b9-bca8a6ba1926', N'ecd23c4b-0b02-e811-b1b9-bca8a6ba1926')
INSERT [dbo].[ModuleLinks] ([ModuleId], [PrerequisiteId]) VALUES (N'fbd23c4b-0b02-e811-b1b9-bca8a6ba1926', N'ecd23c4b-0b02-e811-b1b9-bca8a6ba1926')
INSERT [dbo].[ModuleLinks] ([ModuleId], [PrerequisiteId]) VALUES (N'fdd23c4b-0b02-e811-b1b9-bca8a6ba1926', N'edd23c4b-0b02-e811-b1b9-bca8a6ba1926')
INSERT [dbo].[ModuleLinks] ([ModuleId], [PrerequisiteId]) VALUES (N'0ed33c4b-0b02-e811-b1b9-bca8a6ba1926', N'edd23c4b-0b02-e811-b1b9-bca8a6ba1926')
INSERT [dbo].[ModuleLinks] ([ModuleId], [PrerequisiteId]) VALUES (N'efd23c4b-0b02-e811-b1b9-bca8a6ba1926', N'eed23c4b-0b02-e811-b1b9-bca8a6ba1926')
INSERT [dbo].[ModuleLinks] ([ModuleId], [PrerequisiteId]) VALUES (N'fcd23c4b-0b02-e811-b1b9-bca8a6ba1926', N'efd23c4b-0b02-e811-b1b9-bca8a6ba1926')
INSERT [dbo].[ModuleLinks] ([ModuleId], [PrerequisiteId]) VALUES (N'fdd23c4b-0b02-e811-b1b9-bca8a6ba1926', N'efd23c4b-0b02-e811-b1b9-bca8a6ba1926')
INSERT [dbo].[ModuleLinks] ([ModuleId], [PrerequisiteId]) VALUES (N'fed23c4b-0b02-e811-b1b9-bca8a6ba1926', N'f0d23c4b-0b02-e811-b1b9-bca8a6ba1926')
INSERT [dbo].[ModuleLinks] ([ModuleId], [PrerequisiteId]) VALUES (N'ffd23c4b-0b02-e811-b1b9-bca8a6ba1926', N'f0d23c4b-0b02-e811-b1b9-bca8a6ba1926')
INSERT [dbo].[ModuleLinks] ([ModuleId], [PrerequisiteId]) VALUES (N'02d33c4b-0b02-e811-b1b9-bca8a6ba1926', N'f1d23c4b-0b02-e811-b1b9-bca8a6ba1926')
INSERT [dbo].[ModuleLinks] ([ModuleId], [PrerequisiteId]) VALUES (N'03d33c4b-0b02-e811-b1b9-bca8a6ba1926', N'f1d23c4b-0b02-e811-b1b9-bca8a6ba1926')
INSERT [dbo].[ModuleLinks] ([ModuleId], [PrerequisiteId]) VALUES (N'14d33c4b-0b02-e811-b1b9-bca8a6ba1926', N'f1d23c4b-0b02-e811-b1b9-bca8a6ba1926')
INSERT [dbo].[ModuleLinks] ([ModuleId], [PrerequisiteId]) VALUES (N'f3d23c4b-0b02-e811-b1b9-bca8a6ba1926', N'f2d23c4b-0b02-e811-b1b9-bca8a6ba1926')
INSERT [dbo].[ModuleLinks] ([ModuleId], [PrerequisiteId]) VALUES (N'03d33c4b-0b02-e811-b1b9-bca8a6ba1926', N'f3d23c4b-0b02-e811-b1b9-bca8a6ba1926')
INSERT [dbo].[ModuleLinks] ([ModuleId], [PrerequisiteId]) VALUES (N'14d33c4b-0b02-e811-b1b9-bca8a6ba1926', N'f3d23c4b-0b02-e811-b1b9-bca8a6ba1926')
INSERT [dbo].[ModuleLinks] ([ModuleId], [PrerequisiteId]) VALUES (N'0ed33c4b-0b02-e811-b1b9-bca8a6ba1926', N'f6d23c4b-0b02-e811-b1b9-bca8a6ba1926')
INSERT [dbo].[ModuleLinks] ([ModuleId], [PrerequisiteId]) VALUES (N'07d33c4b-0b02-e811-b1b9-bca8a6ba1926', N'f7d23c4b-0b02-e811-b1b9-bca8a6ba1926')
INSERT [dbo].[ModuleLinks] ([ModuleId], [PrerequisiteId]) VALUES (N'0cd33c4b-0b02-e811-b1b9-bca8a6ba1926', N'fad23c4b-0b02-e811-b1b9-bca8a6ba1926')
INSERT [dbo].[ModuleLinks] ([ModuleId], [PrerequisiteId]) VALUES (N'10d33c4b-0b02-e811-b1b9-bca8a6ba1926', N'fcd23c4b-0b02-e811-b1b9-bca8a6ba1926')
INSERT [dbo].[ModuleLinks] ([ModuleId], [PrerequisiteId]) VALUES (N'0fd33c4b-0b02-e811-b1b9-bca8a6ba1926', N'fdd23c4b-0b02-e811-b1b9-bca8a6ba1926')
INSERT [dbo].[ModuleLinks] ([ModuleId], [PrerequisiteId]) VALUES (N'04d33c4b-0b02-e811-b1b9-bca8a6ba1926', N'fed23c4b-0b02-e811-b1b9-bca8a6ba1926')
INSERT [dbo].[ModuleLinks] ([ModuleId], [PrerequisiteId]) VALUES (N'15d33c4b-0b02-e811-b1b9-bca8a6ba1926', N'03d33c4b-0b02-e811-b1b9-bca8a6ba1926')
INSERT [dbo].[ModuleLinks] ([ModuleId], [PrerequisiteId]) VALUES (N'06d33c4b-0b02-e811-b1b9-bca8a6ba1926', N'05d33c4b-0b02-e811-b1b9-bca8a6ba1926')
INSERT [dbo].[ModuleLinks] ([ModuleId], [PrerequisiteId]) VALUES (N'09d33c4b-0b02-e811-b1b9-bca8a6ba1926', N'08d33c4b-0b02-e811-b1b9-bca8a6ba1926')
INSERT [dbo].[ModuleLinks] ([ModuleId], [PrerequisiteId]) VALUES (N'0bd33c4b-0b02-e811-b1b9-bca8a6ba1926', N'08d33c4b-0b02-e811-b1b9-bca8a6ba1926')
INSERT [dbo].[ModuleLinks] ([ModuleId], [PrerequisiteId]) VALUES (N'0dd33c4b-0b02-e811-b1b9-bca8a6ba1926', N'0ad33c4b-0b02-e811-b1b9-bca8a6ba1926')
INSERT [dbo].[ModuleLinks] ([ModuleId], [PrerequisiteId]) VALUES (N'0bd33c4b-0b02-e811-b1b9-bca8a6ba1926', N'0cd33c4b-0b02-e811-b1b9-bca8a6ba1926')
INSERT [dbo].[ModuleLinks] ([ModuleId], [PrerequisiteId]) VALUES (N'11d33c4b-0b02-e811-b1b9-bca8a6ba1926', N'12d33c4b-0b02-e811-b1b9-bca8a6ba1926')
INSERT [dbo].[ModuleLinks] ([ModuleId], [PrerequisiteId]) VALUES (N'13d33c4b-0b02-e811-b1b9-bca8a6ba1926', N'12d33c4b-0b02-e811-b1b9-bca8a6ba1926')
INSERT [dbo].[Modules] ([ModuleCode], [Title], [Semester], [Credits], [YearOfStudy], [ModuleId], [Url]) VALUES (N'COMP1011', N'Programming For The Web', 1, 10, 1, N'dbd23c4b-0b02-e811-b1b9-bca8a6ba1926', N'http://webprod3.leeds.ac.uk/catalogue/dynmodules.asp?Y=201718&M=COMP-1011')
INSERT [dbo].[Modules] ([ModuleCode], [Title], [Semester], [Credits], [YearOfStudy], [ModuleId], [Url]) VALUES (N'COMP1021', N'Introduction to Web Technologies', 2, 10, 1, N'dcd23c4b-0b02-e811-b1b9-bca8a6ba1926', N'http://webprod3.leeds.ac.uk/catalogue/dynmodules.asp?Y=201718&M=COMP-1021')
INSERT [dbo].[Modules] ([ModuleCode], [Title], [Semester], [Credits], [YearOfStudy], [ModuleId], [Url]) VALUES (N'COMP1121', N'Databases', 2, 10, 1, N'ddd23c4b-0b02-e811-b1b9-bca8a6ba1926', N'http://webprod3.leeds.ac.uk/catalogue/dynmodules.asp?Y=201718&M=COMP-1121')
INSERT [dbo].[Modules] ([ModuleCode], [Title], [Semester], [Credits], [YearOfStudy], [ModuleId], [Url]) VALUES (N'COMP1212', N'Computer Processors', 1, 10, 1, N'ded23c4b-0b02-e811-b1b9-bca8a6ba1926', N'http://webprod3.leeds.ac.uk/catalogue/dynmodules.asp?Y=201718&M=COMP-1212')
INSERT [dbo].[Modules] ([ModuleCode], [Title], [Semester], [Credits], [YearOfStudy], [ModuleId], [Url]) VALUES (N'COMP1211', N'Computer Architecture', 2, 10, 1, N'dfd23c4b-0b02-e811-b1b9-bca8a6ba1926', N'http://webprod3.leeds.ac.uk/catalogue/dynmodules.asp?Y=201718&M=COMP-1211')
INSERT [dbo].[Modules] ([ModuleCode], [Title], [Semester], [Credits], [YearOfStudy], [ModuleId], [Url]) VALUES (N'COMP1421', N'Fundamental Mathematical Concepts', 1, 10, 1, N'e0d23c4b-0b02-e811-b1b9-bca8a6ba1926', N'http://webprod3.leeds.ac.uk/catalogue/dynmodules.asp?Y=201718&M=COMP-1421')
INSERT [dbo].[Modules] ([ModuleCode], [Title], [Semester], [Credits], [YearOfStudy], [ModuleId], [Url]) VALUES (N'COMP1511', N'Introduction to Discrete Mathematics', 2, 10, 1, N'e1d23c4b-0b02-e811-b1b9-bca8a6ba1926', N'http://webprod3.leeds.ac.uk/catalogue/dynmodules.asp?Y=201718&M=COMP-1511')
INSERT [dbo].[Modules] ([ModuleCode], [Title], [Semester], [Credits], [YearOfStudy], [ModuleId], [Url]) VALUES (N'COMP1711', N'Procedural Programming', 1, 10, 1, N'e2d23c4b-0b02-e811-b1b9-bca8a6ba1926', N'http://webprod3.leeds.ac.uk/catalogue/dynmodules.asp?Y=201718&M=COMP-1711')
INSERT [dbo].[Modules] ([ModuleCode], [Title], [Semester], [Credits], [YearOfStudy], [ModuleId], [Url]) VALUES (N'COMP1721', N'Object Oriented Programming', 2, 10, 1, N'e3d23c4b-0b02-e811-b1b9-bca8a6ba1926', N'http://webprod3.leeds.ac.uk/catalogue/dynmodules.asp?Y=201718&M=COMP-1721')
INSERT [dbo].[Modules] ([ModuleCode], [Title], [Semester], [Credits], [YearOfStudy], [ModuleId], [Url]) VALUES (N'COMP1911', N'Professional Computing', 1, 20, 1, N'e4d23c4b-0b02-e811-b1b9-bca8a6ba1926', N'http://webprod3.leeds.ac.uk/catalogue/dynmodules.asp?Y=201718&M=COMP-1911')
INSERT [dbo].[Modules] ([ModuleCode], [Title], [Semester], [Credits], [YearOfStudy], [ModuleId], [Url]) VALUES (N'COMP1921', N'Programming Project', 2, 10, 1, N'e5d23c4b-0b02-e811-b1b9-bca8a6ba1926', N'http://webprod3.leeds.ac.uk/catalogue/dynmodules.asp?Y=201718&M=COMP-1921')
INSERT [dbo].[Modules] ([ModuleCode], [Title], [Semester], [Credits], [YearOfStudy], [ModuleId], [Url]) VALUES (N'COMP2011', N'Web Application Development', 1, 10, 2, N'e6d23c4b-0b02-e811-b1b9-bca8a6ba1926', N'http://webprod3.leeds.ac.uk/catalogue/dynmodules.asp?Y=201718&M=COMP-2011')
INSERT [dbo].[Modules] ([ModuleCode], [Title], [Semester], [Credits], [YearOfStudy], [ModuleId], [Url]) VALUES (N'COMP2021', N'Social and Mobile Web Developments', 2, 10, 2, N'e7d23c4b-0b02-e811-b1b9-bca8a6ba1926', N'http://webprod3.leeds.ac.uk/catalogue/dynmodules.asp?Y=201718&M=COMP-2021')
INSERT [dbo].[Modules] ([ModuleCode], [Title], [Semester], [Credits], [YearOfStudy], [ModuleId], [Url]) VALUES (N'COMP2121', N'Data Mining', 2, 10, 2, N'e8d23c4b-0b02-e811-b1b9-bca8a6ba1926', N'http://webprod3.leeds.ac.uk/catalogue/dynmodules.asp?Y=201718&M=COMP-2121')
INSERT [dbo].[Modules] ([ModuleCode], [Title], [Semester], [Credits], [YearOfStudy], [ModuleId], [Url]) VALUES (N'COMP2211', N'Operating Systems', 1, 10, 2, N'e9d23c4b-0b02-e811-b1b9-bca8a6ba1926', N'http://webprod3.leeds.ac.uk/catalogue/dynmodules.asp?Y=201718&M=COMP-2211')
INSERT [dbo].[Modules] ([ModuleCode], [Title], [Semester], [Credits], [YearOfStudy], [ModuleId], [Url]) VALUES (N'COMP2221', N'Networks', 2, 10, 2, N'ead23c4b-0b02-e811-b1b9-bca8a6ba1926', N'http://webprod3.leeds.ac.uk/catalogue/dynmodules.asp?Y=201718&M=COMP-2221')
INSERT [dbo].[Modules] ([ModuleCode], [Title], [Semester], [Credits], [YearOfStudy], [ModuleId], [Url]) VALUES (N'COMP2321', N'Formal Languages & Finite Automata', 2, 10, 2, N'ebd23c4b-0b02-e811-b1b9-bca8a6ba1926', N'http://webprod3.leeds.ac.uk/catalogue/dynmodules.asp?Y=201718&M=COMP-2321')
INSERT [dbo].[Modules] ([ModuleCode], [Title], [Semester], [Credits], [YearOfStudy], [ModuleId], [Url]) VALUES (N'COMP2811', N'User Interfaces', 1, 10, 2, N'ecd23c4b-0b02-e811-b1b9-bca8a6ba1926', N'http://webprod3.leeds.ac.uk/catalogue/dynmodules.asp?Y=201718&M=COMP-2811')
INSERT [dbo].[Modules] ([ModuleCode], [Title], [Semester], [Credits], [YearOfStudy], [ModuleId], [Url]) VALUES (N'COMP2421', N'Numerical Computation', 1, 10, 2, N'edd23c4b-0b02-e811-b1b9-bca8a6ba1926', N'http://webprod3.leeds.ac.uk/catalogue/dynmodules.asp?Y=201718&M=COMP-2421')
INSERT [dbo].[Modules] ([ModuleCode], [Title], [Semester], [Credits], [YearOfStudy], [ModuleId], [Url]) VALUES (N'COMP2711', N'Algorithms & Data Structures I', 1, 10, 2, N'eed23c4b-0b02-e811-b1b9-bca8a6ba1926', N'http://webprod3.leeds.ac.uk/catalogue/dynmodules.asp?Y=201718&M=COMP-2711')
INSERT [dbo].[Modules] ([ModuleCode], [Title], [Semester], [Credits], [YearOfStudy], [ModuleId], [Url]) VALUES (N'COMP2721', N'Algorithms & Data Structures II', 2, 10, 2, N'efd23c4b-0b02-e811-b1b9-bca8a6ba1926', N'http://webprod3.leeds.ac.uk/catalogue/dynmodules.asp?Y=201718&M=COMP-272')
INSERT [dbo].[Modules] ([ModuleCode], [Title], [Semester], [Credits], [YearOfStudy], [ModuleId], [Url]) VALUES (N'COMP2611', N'Artificial Intelligence', 2, 10, 2, N'f0d23c4b-0b02-e811-b1b9-bca8a6ba1926', N'http://webprod3.leeds.ac.uk/catalogue/dynmodules.asp?Y=201718&M=COMP-2611')
INSERT [dbo].[Modules] ([ModuleCode], [Title], [Semester], [Credits], [YearOfStudy], [ModuleId], [Url]) VALUES (N'COMP2931', N'Software Engineering', 3, 20, 2, N'f1d23c4b-0b02-e811-b1b9-bca8a6ba1926', N'http://webprod3.leeds.ac.uk/catalogue/dynmodules.asp?Y=201718&M=COMP-2931')
INSERT [dbo].[Modules] ([ModuleCode], [Title], [Semester], [Credits], [YearOfStudy], [ModuleId], [Url]) VALUES (N'COMP2921', N'Systems Thinking', 1, 10, 2, N'f2d23c4b-0b02-e811-b1b9-bca8a6ba1926', N'http://webprod3.leeds.ac.uk/catalogue/dynmodules.asp?Y=201718&M=COMP-2921')
INSERT [dbo].[Modules] ([ModuleCode], [Title], [Semester], [Credits], [YearOfStudy], [ModuleId], [Url]) VALUES (N'COMP2911', N'Requirements Engineering', 2, 10, 2, N'f3d23c4b-0b02-e811-b1b9-bca8a6ba1926', N'http://webprod3.leeds.ac.uk/catalogue/dynmodules.asp?Y=201718&M=COMP-2911')
INSERT [dbo].[Modules] ([ModuleCode], [Title], [Semester], [Credits], [YearOfStudy], [ModuleId], [Url]) VALUES (N'COMP3011', N'Web Services & Web Data', 1, 10, 3, N'f4d23c4b-0b02-e811-b1b9-bca8a6ba1926', N'http://webprod3.leeds.ac.uk/catalogue/dynmodules.asp?Y=201718&M=COMP-3011')
INSERT [dbo].[Modules] ([ModuleCode], [Title], [Semester], [Credits], [YearOfStudy], [ModuleId], [Url]) VALUES (N'COMP3771', N'User Adaptive Intelligent Systems', 2, 10, 3, N'f5d23c4b-0b02-e811-b1b9-bca8a6ba1926', N'http://webprod3.leeds.ac.uk/catalogue/dynmodules.asp?Y=201718&M=COMP-3771')
INSERT [dbo].[Modules] ([ModuleCode], [Title], [Semester], [Credits], [YearOfStudy], [ModuleId], [Url]) VALUES (N'COMP3221', N'Parallel Computation', 1, 10, 3, N'f6d23c4b-0b02-e811-b1b9-bca8a6ba1926', N'http://webprod3.leeds.ac.uk/catalogue/dynmodules.asp?Y=201718&M=COMP-3221')
INSERT [dbo].[Modules] ([ModuleCode], [Title], [Semester], [Credits], [YearOfStudy], [ModuleId], [Url]) VALUES (N'COMP3211', N'Distributed Systems', 2, 10, 3, N'f7d23c4b-0b02-e811-b1b9-bca8a6ba1926', N'http://webprod3.leeds.ac.uk/catalogue/dynmodules.asp?Y=201718&M=COMP-3211')
INSERT [dbo].[Modules] ([ModuleCode], [Title], [Semester], [Credits], [YearOfStudy], [ModuleId], [Url]) VALUES (N'COMP3321', N'Programming Languages & Compilation', 1, 10, 3, N'f8d23c4b-0b02-e811-b1b9-bca8a6ba1926', N'http://webprod3.leeds.ac.uk/catalogue/dynmodules.asp?Y=201718&M=COMP-3321')
INSERT [dbo].[Modules] ([ModuleCode], [Title], [Semester], [Credits], [YearOfStudy], [ModuleId], [Url]) VALUES (N'COMP3222', N'Mobile Application Development', 1, 10, 3, N'f9d23c4b-0b02-e811-b1b9-bca8a6ba1926', N'http://webprod3.leeds.ac.uk/catalogue/dynmodules.asp?Y=201718&M=COMP-3222')
INSERT [dbo].[Modules] ([ModuleCode], [Title], [Semester], [Credits], [YearOfStudy], [ModuleId], [Url]) VALUES (N'COMP3811', N'Computer Graphics', 1, 10, 3, N'fad23c4b-0b02-e811-b1b9-bca8a6ba1926', N'http://webprod3.leeds.ac.uk/catalogue/dynmodules.asp?Y=201718&M=COMP-3811')
INSERT [dbo].[Modules] ([ModuleCode], [Title], [Semester], [Credits], [YearOfStudy], [ModuleId], [Url]) VALUES (N'COMP3736', N'Information Visualisation', 2, 10, 3, N'fbd23c4b-0b02-e811-b1b9-bca8a6ba1926', N'http://webprod3.leeds.ac.uk/catalogue/dynmodules.asp?Y=201718&M=COMP-3736')
INSERT [dbo].[Modules] ([ModuleCode], [Title], [Semester], [Credits], [YearOfStudy], [ModuleId], [Url]) VALUES (N'COMP3940', N'Graph Algorithms and Complexity Theory', 1, 10, 3, N'fcd23c4b-0b02-e811-b1b9-bca8a6ba1926', N'http://webprod3.leeds.ac.uk/catalogue/dynmodules.asp?Y=201718&M=COMP-3940')
INSERT [dbo].[Modules] ([ModuleCode], [Title], [Semester], [Credits], [YearOfStudy], [ModuleId], [Url]) VALUES (N'COMP3910', N'Combinatorial Optimisation', 2, 10, 3, N'fdd23c4b-0b02-e811-b1b9-bca8a6ba1926', N'http://webprod3.leeds.ac.uk/catalogue/dynmodules.asp?Y=201718&M=COMP-3910')
INSERT [dbo].[Modules] ([ModuleCode], [Title], [Semester], [Credits], [YearOfStudy], [ModuleId], [Url]) VALUES (N'COMP3611', N'Machine Learning', 1, 10, 3, N'fed23c4b-0b02-e811-b1b9-bca8a6ba1926', N'http://webprod3.leeds.ac.uk/catalogue/dynmodules.asp?Y=201718&M=COMP-3611')
INSERT [dbo].[Modules] ([ModuleCode], [Title], [Semester], [Credits], [YearOfStudy], [ModuleId], [Url]) VALUES (N'COMP3631', N'Intelligent Systems & Robotics', 3, 20, 3, N'ffd23c4b-0b02-e811-b1b9-bca8a6ba1926', N'http://webprod3.leeds.ac.uk/catalogue/dynmodules.asp?Y=201718&M=COMP-3631')
INSERT [dbo].[Modules] ([ModuleCode], [Title], [Semester], [Credits], [YearOfStudy], [ModuleId], [Url]) VALUES (N'COMP3941', N'Functional Programming', 1, 10, 3, N'00d33c4b-0b02-e811-b1b9-bca8a6ba1926', N'http://webprod3.leeds.ac.uk/catalogue/dynmodules.asp?Y=201718&M=COMP-3941')
INSERT [dbo].[Modules] ([ModuleCode], [Title], [Semester], [Credits], [YearOfStudy], [ModuleId], [Url]) VALUES (N'COMP3223', N'Cryptography', 2, 10, 3, N'01d33c4b-0b02-e811-b1b9-bca8a6ba1926', N'http://webprod3.leeds.ac.uk/catalogue/dynmodules.asp?Y=201718&M=COMP-3223')
INSERT [dbo].[Modules] ([ModuleCode], [Title], [Semester], [Credits], [YearOfStudy], [ModuleId], [Url]) VALUES (N'COMP3911', N'Secure Computing', 1, 10, 3, N'02d33c4b-0b02-e811-b1b9-bca8a6ba1926', N'http://webprod3.leeds.ac.uk/catalogue/dynmodules.asp?Y=201718&M=COMP-3911')
INSERT [dbo].[Modules] ([ModuleCode], [Title], [Semester], [Credits], [YearOfStudy], [ModuleId], [Url]) VALUES (N'COMP3931', N'Individual Project', 3, 40, 3, N'03d33c4b-0b02-e811-b1b9-bca8a6ba1926', N'http://webprod3.leeds.ac.uk/catalogue/dynmodules.asp?Y=201718&M=COMP-3931')
INSERT [dbo].[Modules] ([ModuleCode], [Title], [Semester], [Credits], [YearOfStudy], [ModuleId], [Url]) VALUES (N'COMP5860M', N'Semantic Technologies and Applications', 2, 15, 4, N'04d33c4b-0b02-e811-b1b9-bca8a6ba1926', N'http://webprod3.leeds.ac.uk/catalogue/dynmodules.asp?Y=201617&M=COMP-5860M')
INSERT [dbo].[Modules] ([ModuleCode], [Title], [Semester], [Credits], [YearOfStudy], [ModuleId], [Url]) VALUES (N'COMP5122M', N'Data Science', 1, 15, 4, N'05d33c4b-0b02-e811-b1b9-bca8a6ba1926', N'http://webprod3.leeds.ac.uk/catalogue/dynmodules.asp?Y=201617&M=COMP-5122M')
INSERT [dbo].[Modules] ([ModuleCode], [Title], [Semester], [Credits], [YearOfStudy], [ModuleId], [Url]) VALUES (N'COMP5111M', N'Big Data Systems', 2, 15, 4, N'06d33c4b-0b02-e811-b1b9-bca8a6ba1926', N'http://webprod3.leeds.ac.uk/catalogue/dynmodules.asp?Y=201617&M=COMP-5111M')
INSERT [dbo].[Modules] ([ModuleCode], [Title], [Semester], [Credits], [YearOfStudy], [ModuleId], [Url]) VALUES (N'COMP5850M', N'Cloud Computing', 2, 15, 4, N'07d33c4b-0b02-e811-b1b9-bca8a6ba1926', N'http://webprod3.leeds.ac.uk/catalogue/dynmodules.asp?Y=201617&M=COMP-5850M')
INSERT [dbo].[Modules] ([ModuleCode], [Title], [Semester], [Credits], [YearOfStudy], [ModuleId], [Url]) VALUES (N'COMP5811M', N'Parallel and Concurrent Programming', 1, 15, 4, N'08d33c4b-0b02-e811-b1b9-bca8a6ba1926', N'http://webprod3.leeds.ac.uk/catalogue/dynmodules.asp?Y=201617&M=COMP-5811M')
INSERT [dbo].[Modules] ([ModuleCode], [Title], [Semester], [Credits], [YearOfStudy], [ModuleId], [Url]) VALUES (N'COMP5822M', N'High Performance Graphics', 2, 15, 4, N'09d33c4b-0b02-e811-b1b9-bca8a6ba1926', N'http://webprod3.leeds.ac.uk/catalogue/dynmodules.asp?Y=201617&M=COMP-5822M')
INSERT [dbo].[Modules] ([ModuleCode], [Title], [Semester], [Credits], [YearOfStudy], [ModuleId], [Url]) VALUES (N'COMP5813M', N'Games Engines and Workflow', 1, 15, 4, N'0ad33c4b-0b02-e811-b1b9-bca8a6ba1926', N'http://webprod3.leeds.ac.uk/catalogue/dynmodules.asp?Y=201617&M=COMP-5813M')
INSERT [dbo].[Modules] ([ModuleCode], [Title], [Semester], [Credits], [YearOfStudy], [ModuleId], [Url]) VALUES (N'COMP5821M', N'Geometric Processing', 2, 15, 4, N'0bd33c4b-0b02-e811-b1b9-bca8a6ba1926', N'http://webprod3.leeds.ac.uk/catalogue/dynmodules.asp?Y=201617&M=COMP-5821M')
INSERT [dbo].[Modules] ([ModuleCode], [Title], [Semester], [Credits], [YearOfStudy], [ModuleId], [Url]) VALUES (N'COMP5812M', N'Foundations of Modelling and Rendering', 1, 15, 4, N'0cd33c4b-0b02-e811-b1b9-bca8a6ba1926', N'http://webprod3.leeds.ac.uk/catalogue/dynmodules.asp?Y=201617&M=COMP-5812M')
INSERT [dbo].[Modules] ([ModuleCode], [Title], [Semester], [Credits], [YearOfStudy], [ModuleId], [Url]) VALUES (N'COMP5823M', N'Computer Animaton and Simulation', 2, 15, 4, N'0dd33c4b-0b02-e811-b1b9-bca8a6ba1926', N'http://webprod3.leeds.ac.uk/catalogue/dynmodules.asp?Y=201617&M=COMP-5823M')
INSERT [dbo].[Modules] ([ModuleCode], [Title], [Semester], [Credits], [YearOfStudy], [ModuleId], [Url]) VALUES (N'COMP5930M', N'Scientific Computation', 1, 15, 4, N'0ed33c4b-0b02-e811-b1b9-bca8a6ba1926', N'http://webprod3.leeds.ac.uk/catalogue/dynmodules.asp?Y=201617&M=COMP-5930M')
INSERT [dbo].[Modules] ([ModuleCode], [Title], [Semester], [Credits], [YearOfStudy], [ModuleId], [Url]) VALUES (N'COMP5920M', N'Scheduling', 1, 15, 4, N'0fd33c4b-0b02-e811-b1b9-bca8a6ba1926', N'http://webprod3.leeds.ac.uk/catalogue/dynmodules.asp?Y=201617&M=COMP-5920M')
INSERT [dbo].[Modules] ([ModuleCode], [Title], [Semester], [Credits], [YearOfStudy], [ModuleId], [Url]) VALUES (N'COMP5940M', N'Graph Theory: Structure and Algorithms', 2, 15, 4, N'10d33c4b-0b02-e811-b1b9-bca8a6ba1926', N'http://webprod3.leeds.ac.uk/catalogue/dynmodules.asp?Y=201617&M=COMP-5940M')
INSERT [dbo].[Modules] ([ModuleCode], [Title], [Semester], [Credits], [YearOfStudy], [ModuleId], [Url]) VALUES (N'COMP5400M', N'Bio-Computation', 2, 15, 4, N'11d33c4b-0b02-e811-b1b9-bca8a6ba1926', N'http://webprod3.leeds.ac.uk/catalogue/dynmodules.asp?Y=201617&M=COMP-5400M')
INSERT [dbo].[Modules] ([ModuleCode], [Title], [Semester], [Credits], [YearOfStudy], [ModuleId], [Url]) VALUES (N'COMP5450M', N'Knowledge Representation and Reasoning', 1, 15, 4, N'12d33c4b-0b02-e811-b1b9-bca8a6ba1926', N'http://webprod3.leeds.ac.uk/catalogue/dynmodules.asp?Y=201617&M=COMP-5450M')
INSERT [dbo].[Modules] ([ModuleCode], [Title], [Semester], [Credits], [YearOfStudy], [ModuleId], [Url]) VALUES (N'COMP5840M', N'Data Mining and Text Analytics', 2, 15, 4, N'13d33c4b-0b02-e811-b1b9-bca8a6ba1926', N'http://webprod3.leeds.ac.uk/catalogue/dynmodules.asp?Y=201617&M=COMP-5840M')
INSERT [dbo].[Modules] ([ModuleCode], [Title], [Semester], [Credits], [YearOfStudy], [ModuleId], [Url]) VALUES (N'COMP5911M', N'Advanced Software Engineering', 1, 15, 4, N'14d33c4b-0b02-e811-b1b9-bca8a6ba1926', N'http://webprod3.leeds.ac.uk/catalogue/dynmodules.asp?Y=201617&M=COMP-5911M')
INSERT [dbo].[Modules] ([ModuleCode], [Title], [Semester], [Credits], [YearOfStudy], [ModuleId], [Url]) VALUES (N'COMP5530M', N'Group Project', 2, 30, 4, N'15d33c4b-0b02-e811-b1b9-bca8a6ba1926', N'http://webprod3.leeds.ac.uk/catalogue/dynmodules.asp?Y=201617&M=COMP-5530M')
INSERT [dbo].[Modules] ([ModuleCode], [Title], [Semester], [Credits], [YearOfStudy], [ModuleId], [Url]) VALUES (N'COMP5870M', N'Image Analysis', 2, 15, 4, N'650e5161-cc31-e811-b1be-bca8a6ba1926', NULL)
SET IDENTITY_INSERT [dbo].[Roles] ON 

INSERT [dbo].[Roles] ([RoleId], [Name]) VALUES (1, N'Admin')
INSERT [dbo].[Roles] ([RoleId], [Name]) VALUES (2, N'Student')
SET IDENTITY_INSERT [dbo].[Roles] OFF
INSERT [dbo].[StudentModulePreferences] ([ModuleId], [StudentId]) VALUES (N'dbd23c4b-0b02-e811-b1b9-bca8a6ba1926', N'f451d566-0731-e811-b1be-bca8a6ba1926')
INSERT [dbo].[StudentModulePreferences] ([ModuleId], [StudentId]) VALUES (N'dbd23c4b-0b02-e811-b1b9-bca8a6ba1926', N'45d517ca-0731-e811-b1be-bca8a6ba1926')
INSERT [dbo].[StudentModulePreferences] ([ModuleId], [StudentId]) VALUES (N'dcd23c4b-0b02-e811-b1b9-bca8a6ba1926', N'f451d566-0731-e811-b1be-bca8a6ba1926')
INSERT [dbo].[StudentModulePreferences] ([ModuleId], [StudentId]) VALUES (N'dcd23c4b-0b02-e811-b1b9-bca8a6ba1926', N'45d517ca-0731-e811-b1be-bca8a6ba1926')
INSERT [dbo].[StudentModulePreferences] ([ModuleId], [StudentId]) VALUES (N'e6d23c4b-0b02-e811-b1b9-bca8a6ba1926', N'89eb038b-2d0f-e811-b1ba-bca8a6ba1926')
INSERT [dbo].[StudentModulePreferences] ([ModuleId], [StudentId]) VALUES (N'e6d23c4b-0b02-e811-b1b9-bca8a6ba1926', N'45d517ca-0731-e811-b1be-bca8a6ba1926')
INSERT [dbo].[StudentModulePreferences] ([ModuleId], [StudentId]) VALUES (N'e6d23c4b-0b02-e811-b1b9-bca8a6ba1926', N'db6d358f-f131-e811-b1be-bca8a6ba1926')
INSERT [dbo].[StudentModulePreferences] ([ModuleId], [StudentId]) VALUES (N'e6d23c4b-0b02-e811-b1b9-bca8a6ba1926', N'4ecc629d-f131-e811-b1be-bca8a6ba1926')
INSERT [dbo].[StudentModulePreferences] ([ModuleId], [StudentId]) VALUES (N'e6d23c4b-0b02-e811-b1b9-bca8a6ba1926', N'787c92a7-f131-e811-b1be-bca8a6ba1926')
INSERT [dbo].[StudentModulePreferences] ([ModuleId], [StudentId]) VALUES (N'e6d23c4b-0b02-e811-b1b9-bca8a6ba1926', N'd5c1da0d-7732-e811-b1be-bca8a6ba1926')
INSERT [dbo].[StudentModulePreferences] ([ModuleId], [StudentId]) VALUES (N'e6d23c4b-0b02-e811-b1b9-bca8a6ba1926', N'fb5be68e-7832-e811-b1be-bca8a6ba1926')
INSERT [dbo].[StudentModulePreferences] ([ModuleId], [StudentId]) VALUES (N'e6d23c4b-0b02-e811-b1b9-bca8a6ba1926', N'66aa096f-7932-e811-b1be-bca8a6ba1926')
INSERT [dbo].[StudentModulePreferences] ([ModuleId], [StudentId]) VALUES (N'e6d23c4b-0b02-e811-b1b9-bca8a6ba1926', N'2be30ad4-7a32-e811-b1be-bca8a6ba1926')
INSERT [dbo].[StudentModulePreferences] ([ModuleId], [StudentId]) VALUES (N'e6d23c4b-0b02-e811-b1b9-bca8a6ba1926', N'8567c018-7b32-e811-b1be-bca8a6ba1926')
INSERT [dbo].[StudentModulePreferences] ([ModuleId], [StudentId]) VALUES (N'e6d23c4b-0b02-e811-b1b9-bca8a6ba1926', N'17826351-7b32-e811-b1be-bca8a6ba1926')
INSERT [dbo].[StudentModulePreferences] ([ModuleId], [StudentId]) VALUES (N'e6d23c4b-0b02-e811-b1b9-bca8a6ba1926', N'4b214edf-7b32-e811-b1be-bca8a6ba1926')
INSERT [dbo].[StudentModulePreferences] ([ModuleId], [StudentId]) VALUES (N'e6d23c4b-0b02-e811-b1b9-bca8a6ba1926', N'e1284f18-7c32-e811-b1be-bca8a6ba1926')
INSERT [dbo].[StudentModulePreferences] ([ModuleId], [StudentId]) VALUES (N'e7d23c4b-0b02-e811-b1b9-bca8a6ba1926', N'45d517ca-0731-e811-b1be-bca8a6ba1926')
INSERT [dbo].[StudentModulePreferences] ([ModuleId], [StudentId]) VALUES (N'e7d23c4b-0b02-e811-b1b9-bca8a6ba1926', N'4ecc629d-f131-e811-b1be-bca8a6ba1926')
INSERT [dbo].[StudentModulePreferences] ([ModuleId], [StudentId]) VALUES (N'e7d23c4b-0b02-e811-b1b9-bca8a6ba1926', N'787c92a7-f131-e811-b1be-bca8a6ba1926')
INSERT [dbo].[StudentModulePreferences] ([ModuleId], [StudentId]) VALUES (N'e7d23c4b-0b02-e811-b1b9-bca8a6ba1926', N'fb5be68e-7832-e811-b1be-bca8a6ba1926')
INSERT [dbo].[StudentModulePreferences] ([ModuleId], [StudentId]) VALUES (N'e7d23c4b-0b02-e811-b1b9-bca8a6ba1926', N'8567c018-7b32-e811-b1be-bca8a6ba1926')
INSERT [dbo].[StudentModulePreferences] ([ModuleId], [StudentId]) VALUES (N'e8d23c4b-0b02-e811-b1b9-bca8a6ba1926', N'f451d566-0731-e811-b1be-bca8a6ba1926')
INSERT [dbo].[StudentModulePreferences] ([ModuleId], [StudentId]) VALUES (N'e8d23c4b-0b02-e811-b1b9-bca8a6ba1926', N'3c3d95c3-f131-e811-b1be-bca8a6ba1926')
INSERT [dbo].[StudentModulePreferences] ([ModuleId], [StudentId]) VALUES (N'e8d23c4b-0b02-e811-b1b9-bca8a6ba1926', N'd5c1da0d-7732-e811-b1be-bca8a6ba1926')
INSERT [dbo].[StudentModulePreferences] ([ModuleId], [StudentId]) VALUES (N'e8d23c4b-0b02-e811-b1b9-bca8a6ba1926', N'3745d543-7732-e811-b1be-bca8a6ba1926')
INSERT [dbo].[StudentModulePreferences] ([ModuleId], [StudentId]) VALUES (N'e8d23c4b-0b02-e811-b1b9-bca8a6ba1926', N'e54e7e5c-7832-e811-b1be-bca8a6ba1926')
INSERT [dbo].[StudentModulePreferences] ([ModuleId], [StudentId]) VALUES (N'e8d23c4b-0b02-e811-b1b9-bca8a6ba1926', N'66aa096f-7932-e811-b1be-bca8a6ba1926')
INSERT [dbo].[StudentModulePreferences] ([ModuleId], [StudentId]) VALUES (N'e8d23c4b-0b02-e811-b1b9-bca8a6ba1926', N'2be30ad4-7a32-e811-b1be-bca8a6ba1926')
INSERT [dbo].[StudentModulePreferences] ([ModuleId], [StudentId]) VALUES (N'e8d23c4b-0b02-e811-b1b9-bca8a6ba1926', N'145b58a7-7b32-e811-b1be-bca8a6ba1926')
INSERT [dbo].[StudentModulePreferences] ([ModuleId], [StudentId]) VALUES (N'e8d23c4b-0b02-e811-b1b9-bca8a6ba1926', N'4b214edf-7b32-e811-b1be-bca8a6ba1926')
INSERT [dbo].[StudentModulePreferences] ([ModuleId], [StudentId]) VALUES (N'edd23c4b-0b02-e811-b1b9-bca8a6ba1926', N'f451d566-0731-e811-b1be-bca8a6ba1926')
INSERT [dbo].[StudentModulePreferences] ([ModuleId], [StudentId]) VALUES (N'edd23c4b-0b02-e811-b1b9-bca8a6ba1926', N'3319b2d7-7732-e811-b1be-bca8a6ba1926')
INSERT [dbo].[StudentModulePreferences] ([ModuleId], [StudentId]) VALUES (N'edd23c4b-0b02-e811-b1b9-bca8a6ba1926', N'145b58a7-7b32-e811-b1be-bca8a6ba1926')
INSERT [dbo].[StudentModulePreferences] ([ModuleId], [StudentId]) VALUES (N'efd23c4b-0b02-e811-b1b9-bca8a6ba1926', N'3745d543-7732-e811-b1be-bca8a6ba1926')
INSERT [dbo].[StudentModulePreferences] ([ModuleId], [StudentId]) VALUES (N'efd23c4b-0b02-e811-b1b9-bca8a6ba1926', N'3319b2d7-7732-e811-b1be-bca8a6ba1926')
INSERT [dbo].[StudentModulePreferences] ([ModuleId], [StudentId]) VALUES (N'f2d23c4b-0b02-e811-b1b9-bca8a6ba1926', N'3c3d95c3-f131-e811-b1be-bca8a6ba1926')
INSERT [dbo].[StudentModulePreferences] ([ModuleId], [StudentId]) VALUES (N'f2d23c4b-0b02-e811-b1b9-bca8a6ba1926', N'78bc74c1-7632-e811-b1be-bca8a6ba1926')
INSERT [dbo].[StudentModulePreferences] ([ModuleId], [StudentId]) VALUES (N'f2d23c4b-0b02-e811-b1b9-bca8a6ba1926', N'e54e7e5c-7832-e811-b1be-bca8a6ba1926')
INSERT [dbo].[StudentModulePreferences] ([ModuleId], [StudentId]) VALUES (N'f2d23c4b-0b02-e811-b1b9-bca8a6ba1926', N'09844ad0-7832-e811-b1be-bca8a6ba1926')
INSERT [dbo].[StudentModulePreferences] ([ModuleId], [StudentId]) VALUES (N'f4d23c4b-0b02-e811-b1b9-bca8a6ba1926', N'45d517ca-0731-e811-b1be-bca8a6ba1926')
INSERT [dbo].[StudentModulePreferences] ([ModuleId], [StudentId]) VALUES (N'f4d23c4b-0b02-e811-b1b9-bca8a6ba1926', N'4ecc629d-f131-e811-b1be-bca8a6ba1926')
INSERT [dbo].[StudentModulePreferences] ([ModuleId], [StudentId]) VALUES (N'f4d23c4b-0b02-e811-b1b9-bca8a6ba1926', N'787c92a7-f131-e811-b1be-bca8a6ba1926')
INSERT [dbo].[StudentModulePreferences] ([ModuleId], [StudentId]) VALUES (N'f4d23c4b-0b02-e811-b1b9-bca8a6ba1926', N'fb5be68e-7832-e811-b1be-bca8a6ba1926')
INSERT [dbo].[StudentModulePreferences] ([ModuleId], [StudentId]) VALUES (N'f4d23c4b-0b02-e811-b1b9-bca8a6ba1926', N'8567c018-7b32-e811-b1be-bca8a6ba1926')
INSERT [dbo].[StudentModulePreferences] ([ModuleId], [StudentId]) VALUES (N'f5d23c4b-0b02-e811-b1b9-bca8a6ba1926', N'3c3d95c3-f131-e811-b1be-bca8a6ba1926')
INSERT [dbo].[StudentModulePreferences] ([ModuleId], [StudentId]) VALUES (N'f5d23c4b-0b02-e811-b1b9-bca8a6ba1926', N'd5c1da0d-7732-e811-b1be-bca8a6ba1926')
INSERT [dbo].[StudentModulePreferences] ([ModuleId], [StudentId]) VALUES (N'f5d23c4b-0b02-e811-b1b9-bca8a6ba1926', N'3745d543-7732-e811-b1be-bca8a6ba1926')
INSERT [dbo].[StudentModulePreferences] ([ModuleId], [StudentId]) VALUES (N'f5d23c4b-0b02-e811-b1b9-bca8a6ba1926', N'e54e7e5c-7832-e811-b1be-bca8a6ba1926')
INSERT [dbo].[StudentModulePreferences] ([ModuleId], [StudentId]) VALUES (N'f5d23c4b-0b02-e811-b1b9-bca8a6ba1926', N'09844ad0-7832-e811-b1be-bca8a6ba1926')
INSERT [dbo].[StudentModulePreferences] ([ModuleId], [StudentId]) VALUES (N'f5d23c4b-0b02-e811-b1b9-bca8a6ba1926', N'66aa096f-7932-e811-b1be-bca8a6ba1926')
INSERT [dbo].[StudentModulePreferences] ([ModuleId], [StudentId]) VALUES (N'f5d23c4b-0b02-e811-b1b9-bca8a6ba1926', N'2be30ad4-7a32-e811-b1be-bca8a6ba1926')
INSERT [dbo].[StudentModulePreferences] ([ModuleId], [StudentId]) VALUES (N'f5d23c4b-0b02-e811-b1b9-bca8a6ba1926', N'145b58a7-7b32-e811-b1be-bca8a6ba1926')
INSERT [dbo].[StudentModulePreferences] ([ModuleId], [StudentId]) VALUES (N'f5d23c4b-0b02-e811-b1b9-bca8a6ba1926', N'4b214edf-7b32-e811-b1be-bca8a6ba1926')
INSERT [dbo].[StudentModulePreferences] ([ModuleId], [StudentId]) VALUES (N'f5d23c4b-0b02-e811-b1b9-bca8a6ba1926', N'e1284f18-7c32-e811-b1be-bca8a6ba1926')
INSERT [dbo].[StudentModulePreferences] ([ModuleId], [StudentId]) VALUES (N'f6d23c4b-0b02-e811-b1b9-bca8a6ba1926', N'f451d566-0731-e811-b1be-bca8a6ba1926')
INSERT [dbo].[StudentModulePreferences] ([ModuleId], [StudentId]) VALUES (N'f6d23c4b-0b02-e811-b1b9-bca8a6ba1926', N'45d517ca-0731-e811-b1be-bca8a6ba1926')
INSERT [dbo].[StudentModulePreferences] ([ModuleId], [StudentId]) VALUES (N'f6d23c4b-0b02-e811-b1b9-bca8a6ba1926', N'db6d358f-f131-e811-b1be-bca8a6ba1926')
INSERT [dbo].[StudentModulePreferences] ([ModuleId], [StudentId]) VALUES (N'f6d23c4b-0b02-e811-b1b9-bca8a6ba1926', N'4ecc629d-f131-e811-b1be-bca8a6ba1926')
INSERT [dbo].[StudentModulePreferences] ([ModuleId], [StudentId]) VALUES (N'f6d23c4b-0b02-e811-b1b9-bca8a6ba1926', N'787c92a7-f131-e811-b1be-bca8a6ba1926')
INSERT [dbo].[StudentModulePreferences] ([ModuleId], [StudentId]) VALUES (N'f6d23c4b-0b02-e811-b1b9-bca8a6ba1926', N'3c3d95c3-f131-e811-b1be-bca8a6ba1926')
INSERT [dbo].[StudentModulePreferences] ([ModuleId], [StudentId]) VALUES (N'f6d23c4b-0b02-e811-b1b9-bca8a6ba1926', N'78bc74c1-7632-e811-b1be-bca8a6ba1926')
INSERT [dbo].[StudentModulePreferences] ([ModuleId], [StudentId]) VALUES (N'f6d23c4b-0b02-e811-b1b9-bca8a6ba1926', N'd5c1da0d-7732-e811-b1be-bca8a6ba1926')
INSERT [dbo].[StudentModulePreferences] ([ModuleId], [StudentId]) VALUES (N'f6d23c4b-0b02-e811-b1b9-bca8a6ba1926', N'3319b2d7-7732-e811-b1be-bca8a6ba1926')
INSERT [dbo].[StudentModulePreferences] ([ModuleId], [StudentId]) VALUES (N'f6d23c4b-0b02-e811-b1b9-bca8a6ba1926', N'09844ad0-7832-e811-b1be-bca8a6ba1926')
INSERT [dbo].[StudentModulePreferences] ([ModuleId], [StudentId]) VALUES (N'f6d23c4b-0b02-e811-b1b9-bca8a6ba1926', N'8567c018-7b32-e811-b1be-bca8a6ba1926')
INSERT [dbo].[StudentModulePreferences] ([ModuleId], [StudentId]) VALUES (N'f6d23c4b-0b02-e811-b1b9-bca8a6ba1926', N'17826351-7b32-e811-b1be-bca8a6ba1926')
INSERT [dbo].[StudentModulePreferences] ([ModuleId], [StudentId]) VALUES (N'f6d23c4b-0b02-e811-b1b9-bca8a6ba1926', N'145b58a7-7b32-e811-b1be-bca8a6ba1926')
INSERT [dbo].[StudentModulePreferences] ([ModuleId], [StudentId]) VALUES (N'f6d23c4b-0b02-e811-b1b9-bca8a6ba1926', N'e1284f18-7c32-e811-b1be-bca8a6ba1926')
INSERT [dbo].[StudentModulePreferences] ([ModuleId], [StudentId]) VALUES (N'f7d23c4b-0b02-e811-b1b9-bca8a6ba1926', N'f451d566-0731-e811-b1be-bca8a6ba1926')
INSERT [dbo].[StudentModulePreferences] ([ModuleId], [StudentId]) VALUES (N'f7d23c4b-0b02-e811-b1b9-bca8a6ba1926', N'45d517ca-0731-e811-b1be-bca8a6ba1926')
INSERT [dbo].[StudentModulePreferences] ([ModuleId], [StudentId]) VALUES (N'f7d23c4b-0b02-e811-b1b9-bca8a6ba1926', N'db6d358f-f131-e811-b1be-bca8a6ba1926')
INSERT [dbo].[StudentModulePreferences] ([ModuleId], [StudentId]) VALUES (N'f7d23c4b-0b02-e811-b1b9-bca8a6ba1926', N'4ecc629d-f131-e811-b1be-bca8a6ba1926')
INSERT [dbo].[StudentModulePreferences] ([ModuleId], [StudentId]) VALUES (N'f7d23c4b-0b02-e811-b1b9-bca8a6ba1926', N'787c92a7-f131-e811-b1be-bca8a6ba1926')
INSERT [dbo].[StudentModulePreferences] ([ModuleId], [StudentId]) VALUES (N'f7d23c4b-0b02-e811-b1b9-bca8a6ba1926', N'3c3d95c3-f131-e811-b1be-bca8a6ba1926')
INSERT [dbo].[StudentModulePreferences] ([ModuleId], [StudentId]) VALUES (N'f7d23c4b-0b02-e811-b1b9-bca8a6ba1926', N'd5c1da0d-7732-e811-b1be-bca8a6ba1926')
INSERT [dbo].[StudentModulePreferences] ([ModuleId], [StudentId]) VALUES (N'f7d23c4b-0b02-e811-b1b9-bca8a6ba1926', N'3319b2d7-7732-e811-b1be-bca8a6ba1926')
INSERT [dbo].[StudentModulePreferences] ([ModuleId], [StudentId]) VALUES (N'f7d23c4b-0b02-e811-b1b9-bca8a6ba1926', N'fb5be68e-7832-e811-b1be-bca8a6ba1926')
INSERT [dbo].[StudentModulePreferences] ([ModuleId], [StudentId]) VALUES (N'f7d23c4b-0b02-e811-b1b9-bca8a6ba1926', N'66aa096f-7932-e811-b1be-bca8a6ba1926')
INSERT [dbo].[StudentModulePreferences] ([ModuleId], [StudentId]) VALUES (N'f7d23c4b-0b02-e811-b1b9-bca8a6ba1926', N'2be30ad4-7a32-e811-b1be-bca8a6ba1926')
INSERT [dbo].[StudentModulePreferences] ([ModuleId], [StudentId]) VALUES (N'f7d23c4b-0b02-e811-b1b9-bca8a6ba1926', N'8567c018-7b32-e811-b1be-bca8a6ba1926')
INSERT [dbo].[StudentModulePreferences] ([ModuleId], [StudentId]) VALUES (N'f7d23c4b-0b02-e811-b1b9-bca8a6ba1926', N'17826351-7b32-e811-b1be-bca8a6ba1926')
INSERT [dbo].[StudentModulePreferences] ([ModuleId], [StudentId]) VALUES (N'f7d23c4b-0b02-e811-b1b9-bca8a6ba1926', N'145b58a7-7b32-e811-b1be-bca8a6ba1926')
INSERT [dbo].[StudentModulePreferences] ([ModuleId], [StudentId]) VALUES (N'f7d23c4b-0b02-e811-b1b9-bca8a6ba1926', N'e1284f18-7c32-e811-b1be-bca8a6ba1926')
INSERT [dbo].[StudentModulePreferences] ([ModuleId], [StudentId]) VALUES (N'f8d23c4b-0b02-e811-b1b9-bca8a6ba1926', N'45d517ca-0731-e811-b1be-bca8a6ba1926')
INSERT [dbo].[StudentModulePreferences] ([ModuleId], [StudentId]) VALUES (N'f8d23c4b-0b02-e811-b1b9-bca8a6ba1926', N'db6d358f-f131-e811-b1be-bca8a6ba1926')
INSERT [dbo].[StudentModulePreferences] ([ModuleId], [StudentId]) VALUES (N'f8d23c4b-0b02-e811-b1b9-bca8a6ba1926', N'4ecc629d-f131-e811-b1be-bca8a6ba1926')
INSERT [dbo].[StudentModulePreferences] ([ModuleId], [StudentId]) VALUES (N'f8d23c4b-0b02-e811-b1b9-bca8a6ba1926', N'787c92a7-f131-e811-b1be-bca8a6ba1926')
INSERT [dbo].[StudentModulePreferences] ([ModuleId], [StudentId]) VALUES (N'f8d23c4b-0b02-e811-b1b9-bca8a6ba1926', N'3c3d95c3-f131-e811-b1be-bca8a6ba1926')
INSERT [dbo].[StudentModulePreferences] ([ModuleId], [StudentId]) VALUES (N'f8d23c4b-0b02-e811-b1b9-bca8a6ba1926', N'd5c1da0d-7732-e811-b1be-bca8a6ba1926')
INSERT [dbo].[StudentModulePreferences] ([ModuleId], [StudentId]) VALUES (N'f8d23c4b-0b02-e811-b1b9-bca8a6ba1926', N'e54e7e5c-7832-e811-b1be-bca8a6ba1926')
INSERT [dbo].[StudentModulePreferences] ([ModuleId], [StudentId]) VALUES (N'f8d23c4b-0b02-e811-b1b9-bca8a6ba1926', N'fb5be68e-7832-e811-b1be-bca8a6ba1926')
INSERT [dbo].[StudentModulePreferences] ([ModuleId], [StudentId]) VALUES (N'f8d23c4b-0b02-e811-b1b9-bca8a6ba1926', N'8567c018-7b32-e811-b1be-bca8a6ba1926')
INSERT [dbo].[StudentModulePreferences] ([ModuleId], [StudentId]) VALUES (N'f8d23c4b-0b02-e811-b1b9-bca8a6ba1926', N'145b58a7-7b32-e811-b1be-bca8a6ba1926')
INSERT [dbo].[StudentModulePreferences] ([ModuleId], [StudentId]) VALUES (N'f8d23c4b-0b02-e811-b1b9-bca8a6ba1926', N'4b214edf-7b32-e811-b1be-bca8a6ba1926')
INSERT [dbo].[StudentModulePreferences] ([ModuleId], [StudentId]) VALUES (N'f9d23c4b-0b02-e811-b1b9-bca8a6ba1926', N'd5c1da0d-7732-e811-b1be-bca8a6ba1926')
INSERT [dbo].[StudentModulePreferences] ([ModuleId], [StudentId]) VALUES (N'f9d23c4b-0b02-e811-b1b9-bca8a6ba1926', N'3745d543-7732-e811-b1be-bca8a6ba1926')
INSERT [dbo].[StudentModulePreferences] ([ModuleId], [StudentId]) VALUES (N'f9d23c4b-0b02-e811-b1b9-bca8a6ba1926', N'e54e7e5c-7832-e811-b1be-bca8a6ba1926')
INSERT [dbo].[StudentModulePreferences] ([ModuleId], [StudentId]) VALUES (N'f9d23c4b-0b02-e811-b1b9-bca8a6ba1926', N'fb5be68e-7832-e811-b1be-bca8a6ba1926')
INSERT [dbo].[StudentModulePreferences] ([ModuleId], [StudentId]) VALUES (N'f9d23c4b-0b02-e811-b1b9-bca8a6ba1926', N'66aa096f-7932-e811-b1be-bca8a6ba1926')
GO
INSERT [dbo].[StudentModulePreferences] ([ModuleId], [StudentId]) VALUES (N'f9d23c4b-0b02-e811-b1b9-bca8a6ba1926', N'2be30ad4-7a32-e811-b1be-bca8a6ba1926')
INSERT [dbo].[StudentModulePreferences] ([ModuleId], [StudentId]) VALUES (N'f9d23c4b-0b02-e811-b1b9-bca8a6ba1926', N'8567c018-7b32-e811-b1be-bca8a6ba1926')
INSERT [dbo].[StudentModulePreferences] ([ModuleId], [StudentId]) VALUES (N'f9d23c4b-0b02-e811-b1b9-bca8a6ba1926', N'145b58a7-7b32-e811-b1be-bca8a6ba1926')
INSERT [dbo].[StudentModulePreferences] ([ModuleId], [StudentId]) VALUES (N'f9d23c4b-0b02-e811-b1b9-bca8a6ba1926', N'4b214edf-7b32-e811-b1be-bca8a6ba1926')
INSERT [dbo].[StudentModulePreferences] ([ModuleId], [StudentId]) VALUES (N'fad23c4b-0b02-e811-b1b9-bca8a6ba1926', N'f451d566-0731-e811-b1be-bca8a6ba1926')
INSERT [dbo].[StudentModulePreferences] ([ModuleId], [StudentId]) VALUES (N'fad23c4b-0b02-e811-b1b9-bca8a6ba1926', N'17826351-7b32-e811-b1be-bca8a6ba1926')
INSERT [dbo].[StudentModulePreferences] ([ModuleId], [StudentId]) VALUES (N'fad23c4b-0b02-e811-b1b9-bca8a6ba1926', N'145b58a7-7b32-e811-b1be-bca8a6ba1926')
INSERT [dbo].[StudentModulePreferences] ([ModuleId], [StudentId]) VALUES (N'fbd23c4b-0b02-e811-b1b9-bca8a6ba1926', N'78bc74c1-7632-e811-b1be-bca8a6ba1926')
INSERT [dbo].[StudentModulePreferences] ([ModuleId], [StudentId]) VALUES (N'fbd23c4b-0b02-e811-b1b9-bca8a6ba1926', N'd5c1da0d-7732-e811-b1be-bca8a6ba1926')
INSERT [dbo].[StudentModulePreferences] ([ModuleId], [StudentId]) VALUES (N'fbd23c4b-0b02-e811-b1b9-bca8a6ba1926', N'3745d543-7732-e811-b1be-bca8a6ba1926')
INSERT [dbo].[StudentModulePreferences] ([ModuleId], [StudentId]) VALUES (N'fbd23c4b-0b02-e811-b1b9-bca8a6ba1926', N'3319b2d7-7732-e811-b1be-bca8a6ba1926')
INSERT [dbo].[StudentModulePreferences] ([ModuleId], [StudentId]) VALUES (N'fbd23c4b-0b02-e811-b1b9-bca8a6ba1926', N'e54e7e5c-7832-e811-b1be-bca8a6ba1926')
INSERT [dbo].[StudentModulePreferences] ([ModuleId], [StudentId]) VALUES (N'fbd23c4b-0b02-e811-b1b9-bca8a6ba1926', N'fb5be68e-7832-e811-b1be-bca8a6ba1926')
INSERT [dbo].[StudentModulePreferences] ([ModuleId], [StudentId]) VALUES (N'fbd23c4b-0b02-e811-b1b9-bca8a6ba1926', N'09844ad0-7832-e811-b1be-bca8a6ba1926')
INSERT [dbo].[StudentModulePreferences] ([ModuleId], [StudentId]) VALUES (N'fbd23c4b-0b02-e811-b1b9-bca8a6ba1926', N'66aa096f-7932-e811-b1be-bca8a6ba1926')
INSERT [dbo].[StudentModulePreferences] ([ModuleId], [StudentId]) VALUES (N'fbd23c4b-0b02-e811-b1b9-bca8a6ba1926', N'8567c018-7b32-e811-b1be-bca8a6ba1926')
INSERT [dbo].[StudentModulePreferences] ([ModuleId], [StudentId]) VALUES (N'fbd23c4b-0b02-e811-b1b9-bca8a6ba1926', N'17826351-7b32-e811-b1be-bca8a6ba1926')
INSERT [dbo].[StudentModulePreferences] ([ModuleId], [StudentId]) VALUES (N'fbd23c4b-0b02-e811-b1b9-bca8a6ba1926', N'145b58a7-7b32-e811-b1be-bca8a6ba1926')
INSERT [dbo].[StudentModulePreferences] ([ModuleId], [StudentId]) VALUES (N'fbd23c4b-0b02-e811-b1b9-bca8a6ba1926', N'4b214edf-7b32-e811-b1be-bca8a6ba1926')
INSERT [dbo].[StudentModulePreferences] ([ModuleId], [StudentId]) VALUES (N'fbd23c4b-0b02-e811-b1b9-bca8a6ba1926', N'e1284f18-7c32-e811-b1be-bca8a6ba1926')
INSERT [dbo].[StudentModulePreferences] ([ModuleId], [StudentId]) VALUES (N'fcd23c4b-0b02-e811-b1b9-bca8a6ba1926', N'3745d543-7732-e811-b1be-bca8a6ba1926')
INSERT [dbo].[StudentModulePreferences] ([ModuleId], [StudentId]) VALUES (N'fcd23c4b-0b02-e811-b1b9-bca8a6ba1926', N'3319b2d7-7732-e811-b1be-bca8a6ba1926')
INSERT [dbo].[StudentModulePreferences] ([ModuleId], [StudentId]) VALUES (N'fcd23c4b-0b02-e811-b1b9-bca8a6ba1926', N'fb5be68e-7832-e811-b1be-bca8a6ba1926')
INSERT [dbo].[StudentModulePreferences] ([ModuleId], [StudentId]) VALUES (N'fcd23c4b-0b02-e811-b1b9-bca8a6ba1926', N'09844ad0-7832-e811-b1be-bca8a6ba1926')
INSERT [dbo].[StudentModulePreferences] ([ModuleId], [StudentId]) VALUES (N'fcd23c4b-0b02-e811-b1b9-bca8a6ba1926', N'2be30ad4-7a32-e811-b1be-bca8a6ba1926')
INSERT [dbo].[StudentModulePreferences] ([ModuleId], [StudentId]) VALUES (N'fcd23c4b-0b02-e811-b1b9-bca8a6ba1926', N'4b214edf-7b32-e811-b1be-bca8a6ba1926')
INSERT [dbo].[StudentModulePreferences] ([ModuleId], [StudentId]) VALUES (N'fdd23c4b-0b02-e811-b1b9-bca8a6ba1926', N'45d517ca-0731-e811-b1be-bca8a6ba1926')
INSERT [dbo].[StudentModulePreferences] ([ModuleId], [StudentId]) VALUES (N'fdd23c4b-0b02-e811-b1b9-bca8a6ba1926', N'787c92a7-f131-e811-b1be-bca8a6ba1926')
INSERT [dbo].[StudentModulePreferences] ([ModuleId], [StudentId]) VALUES (N'fdd23c4b-0b02-e811-b1b9-bca8a6ba1926', N'3c3d95c3-f131-e811-b1be-bca8a6ba1926')
INSERT [dbo].[StudentModulePreferences] ([ModuleId], [StudentId]) VALUES (N'fdd23c4b-0b02-e811-b1b9-bca8a6ba1926', N'78bc74c1-7632-e811-b1be-bca8a6ba1926')
INSERT [dbo].[StudentModulePreferences] ([ModuleId], [StudentId]) VALUES (N'fdd23c4b-0b02-e811-b1b9-bca8a6ba1926', N'3319b2d7-7732-e811-b1be-bca8a6ba1926')
INSERT [dbo].[StudentModulePreferences] ([ModuleId], [StudentId]) VALUES (N'fdd23c4b-0b02-e811-b1b9-bca8a6ba1926', N'e54e7e5c-7832-e811-b1be-bca8a6ba1926')
INSERT [dbo].[StudentModulePreferences] ([ModuleId], [StudentId]) VALUES (N'fdd23c4b-0b02-e811-b1b9-bca8a6ba1926', N'fb5be68e-7832-e811-b1be-bca8a6ba1926')
INSERT [dbo].[StudentModulePreferences] ([ModuleId], [StudentId]) VALUES (N'fdd23c4b-0b02-e811-b1b9-bca8a6ba1926', N'2be30ad4-7a32-e811-b1be-bca8a6ba1926')
INSERT [dbo].[StudentModulePreferences] ([ModuleId], [StudentId]) VALUES (N'fdd23c4b-0b02-e811-b1b9-bca8a6ba1926', N'8567c018-7b32-e811-b1be-bca8a6ba1926')
INSERT [dbo].[StudentModulePreferences] ([ModuleId], [StudentId]) VALUES (N'fdd23c4b-0b02-e811-b1b9-bca8a6ba1926', N'4b214edf-7b32-e811-b1be-bca8a6ba1926')
INSERT [dbo].[StudentModulePreferences] ([ModuleId], [StudentId]) VALUES (N'ffd23c4b-0b02-e811-b1b9-bca8a6ba1926', N'f451d566-0731-e811-b1be-bca8a6ba1926')
INSERT [dbo].[StudentModulePreferences] ([ModuleId], [StudentId]) VALUES (N'ffd23c4b-0b02-e811-b1b9-bca8a6ba1926', N'4ecc629d-f131-e811-b1be-bca8a6ba1926')
INSERT [dbo].[StudentModulePreferences] ([ModuleId], [StudentId]) VALUES (N'ffd23c4b-0b02-e811-b1b9-bca8a6ba1926', N'787c92a7-f131-e811-b1be-bca8a6ba1926')
INSERT [dbo].[StudentModulePreferences] ([ModuleId], [StudentId]) VALUES (N'ffd23c4b-0b02-e811-b1b9-bca8a6ba1926', N'3745d543-7732-e811-b1be-bca8a6ba1926')
INSERT [dbo].[StudentModulePreferences] ([ModuleId], [StudentId]) VALUES (N'ffd23c4b-0b02-e811-b1b9-bca8a6ba1926', N'3319b2d7-7732-e811-b1be-bca8a6ba1926')
INSERT [dbo].[StudentModulePreferences] ([ModuleId], [StudentId]) VALUES (N'ffd23c4b-0b02-e811-b1b9-bca8a6ba1926', N'e54e7e5c-7832-e811-b1be-bca8a6ba1926')
INSERT [dbo].[StudentModulePreferences] ([ModuleId], [StudentId]) VALUES (N'ffd23c4b-0b02-e811-b1b9-bca8a6ba1926', N'66aa096f-7932-e811-b1be-bca8a6ba1926')
INSERT [dbo].[StudentModulePreferences] ([ModuleId], [StudentId]) VALUES (N'00d33c4b-0b02-e811-b1b9-bca8a6ba1926', N'f451d566-0731-e811-b1be-bca8a6ba1926')
INSERT [dbo].[StudentModulePreferences] ([ModuleId], [StudentId]) VALUES (N'00d33c4b-0b02-e811-b1b9-bca8a6ba1926', N'3c3d95c3-f131-e811-b1be-bca8a6ba1926')
INSERT [dbo].[StudentModulePreferences] ([ModuleId], [StudentId]) VALUES (N'00d33c4b-0b02-e811-b1b9-bca8a6ba1926', N'd5c1da0d-7732-e811-b1be-bca8a6ba1926')
INSERT [dbo].[StudentModulePreferences] ([ModuleId], [StudentId]) VALUES (N'00d33c4b-0b02-e811-b1b9-bca8a6ba1926', N'3745d543-7732-e811-b1be-bca8a6ba1926')
INSERT [dbo].[StudentModulePreferences] ([ModuleId], [StudentId]) VALUES (N'00d33c4b-0b02-e811-b1b9-bca8a6ba1926', N'66aa096f-7932-e811-b1be-bca8a6ba1926')
INSERT [dbo].[StudentModulePreferences] ([ModuleId], [StudentId]) VALUES (N'00d33c4b-0b02-e811-b1b9-bca8a6ba1926', N'2be30ad4-7a32-e811-b1be-bca8a6ba1926')
INSERT [dbo].[StudentModulePreferences] ([ModuleId], [StudentId]) VALUES (N'01d33c4b-0b02-e811-b1b9-bca8a6ba1926', N'f451d566-0731-e811-b1be-bca8a6ba1926')
INSERT [dbo].[StudentModulePreferences] ([ModuleId], [StudentId]) VALUES (N'01d33c4b-0b02-e811-b1b9-bca8a6ba1926', N'45d517ca-0731-e811-b1be-bca8a6ba1926')
INSERT [dbo].[StudentModulePreferences] ([ModuleId], [StudentId]) VALUES (N'01d33c4b-0b02-e811-b1b9-bca8a6ba1926', N'db6d358f-f131-e811-b1be-bca8a6ba1926')
INSERT [dbo].[StudentModulePreferences] ([ModuleId], [StudentId]) VALUES (N'01d33c4b-0b02-e811-b1b9-bca8a6ba1926', N'4ecc629d-f131-e811-b1be-bca8a6ba1926')
INSERT [dbo].[StudentModulePreferences] ([ModuleId], [StudentId]) VALUES (N'01d33c4b-0b02-e811-b1b9-bca8a6ba1926', N'3c3d95c3-f131-e811-b1be-bca8a6ba1926')
INSERT [dbo].[StudentModulePreferences] ([ModuleId], [StudentId]) VALUES (N'01d33c4b-0b02-e811-b1b9-bca8a6ba1926', N'78bc74c1-7632-e811-b1be-bca8a6ba1926')
INSERT [dbo].[StudentModulePreferences] ([ModuleId], [StudentId]) VALUES (N'01d33c4b-0b02-e811-b1b9-bca8a6ba1926', N'2be30ad4-7a32-e811-b1be-bca8a6ba1926')
INSERT [dbo].[StudentModulePreferences] ([ModuleId], [StudentId]) VALUES (N'01d33c4b-0b02-e811-b1b9-bca8a6ba1926', N'4b214edf-7b32-e811-b1be-bca8a6ba1926')
INSERT [dbo].[StudentModulePreferences] ([ModuleId], [StudentId]) VALUES (N'02d33c4b-0b02-e811-b1b9-bca8a6ba1926', N'45d517ca-0731-e811-b1be-bca8a6ba1926')
INSERT [dbo].[StudentModulePreferences] ([ModuleId], [StudentId]) VALUES (N'04d33c4b-0b02-e811-b1b9-bca8a6ba1926', N'78bc74c1-7632-e811-b1be-bca8a6ba1926')
INSERT [dbo].[StudentModulePreferences] ([ModuleId], [StudentId]) VALUES (N'05d33c4b-0b02-e811-b1b9-bca8a6ba1926', N'3c3d95c3-f131-e811-b1be-bca8a6ba1926')
INSERT [dbo].[StudentModulePreferences] ([ModuleId], [StudentId]) VALUES (N'05d33c4b-0b02-e811-b1b9-bca8a6ba1926', N'd5c1da0d-7732-e811-b1be-bca8a6ba1926')
INSERT [dbo].[StudentModulePreferences] ([ModuleId], [StudentId]) VALUES (N'05d33c4b-0b02-e811-b1b9-bca8a6ba1926', N'3745d543-7732-e811-b1be-bca8a6ba1926')
INSERT [dbo].[StudentModulePreferences] ([ModuleId], [StudentId]) VALUES (N'05d33c4b-0b02-e811-b1b9-bca8a6ba1926', N'66aa096f-7932-e811-b1be-bca8a6ba1926')
INSERT [dbo].[StudentModulePreferences] ([ModuleId], [StudentId]) VALUES (N'05d33c4b-0b02-e811-b1b9-bca8a6ba1926', N'145b58a7-7b32-e811-b1be-bca8a6ba1926')
INSERT [dbo].[StudentModulePreferences] ([ModuleId], [StudentId]) VALUES (N'05d33c4b-0b02-e811-b1b9-bca8a6ba1926', N'4b214edf-7b32-e811-b1be-bca8a6ba1926')
INSERT [dbo].[StudentModulePreferences] ([ModuleId], [StudentId]) VALUES (N'06d33c4b-0b02-e811-b1b9-bca8a6ba1926', N'3745d543-7732-e811-b1be-bca8a6ba1926')
INSERT [dbo].[StudentModulePreferences] ([ModuleId], [StudentId]) VALUES (N'07d33c4b-0b02-e811-b1b9-bca8a6ba1926', N'f451d566-0731-e811-b1be-bca8a6ba1926')
INSERT [dbo].[StudentModulePreferences] ([ModuleId], [StudentId]) VALUES (N'07d33c4b-0b02-e811-b1b9-bca8a6ba1926', N'db6d358f-f131-e811-b1be-bca8a6ba1926')
INSERT [dbo].[StudentModulePreferences] ([ModuleId], [StudentId]) VALUES (N'07d33c4b-0b02-e811-b1b9-bca8a6ba1926', N'3c3d95c3-f131-e811-b1be-bca8a6ba1926')
INSERT [dbo].[StudentModulePreferences] ([ModuleId], [StudentId]) VALUES (N'07d33c4b-0b02-e811-b1b9-bca8a6ba1926', N'3319b2d7-7732-e811-b1be-bca8a6ba1926')
INSERT [dbo].[StudentModulePreferences] ([ModuleId], [StudentId]) VALUES (N'07d33c4b-0b02-e811-b1b9-bca8a6ba1926', N'fb5be68e-7832-e811-b1be-bca8a6ba1926')
INSERT [dbo].[StudentModulePreferences] ([ModuleId], [StudentId]) VALUES (N'07d33c4b-0b02-e811-b1b9-bca8a6ba1926', N'8567c018-7b32-e811-b1be-bca8a6ba1926')
INSERT [dbo].[StudentModulePreferences] ([ModuleId], [StudentId]) VALUES (N'07d33c4b-0b02-e811-b1b9-bca8a6ba1926', N'17826351-7b32-e811-b1be-bca8a6ba1926')
INSERT [dbo].[StudentModulePreferences] ([ModuleId], [StudentId]) VALUES (N'07d33c4b-0b02-e811-b1b9-bca8a6ba1926', N'e1284f18-7c32-e811-b1be-bca8a6ba1926')
INSERT [dbo].[StudentModulePreferences] ([ModuleId], [StudentId]) VALUES (N'08d33c4b-0b02-e811-b1b9-bca8a6ba1926', N'f451d566-0731-e811-b1be-bca8a6ba1926')
INSERT [dbo].[StudentModulePreferences] ([ModuleId], [StudentId]) VALUES (N'08d33c4b-0b02-e811-b1b9-bca8a6ba1926', N'45d517ca-0731-e811-b1be-bca8a6ba1926')
INSERT [dbo].[StudentModulePreferences] ([ModuleId], [StudentId]) VALUES (N'08d33c4b-0b02-e811-b1b9-bca8a6ba1926', N'db6d358f-f131-e811-b1be-bca8a6ba1926')
INSERT [dbo].[StudentModulePreferences] ([ModuleId], [StudentId]) VALUES (N'08d33c4b-0b02-e811-b1b9-bca8a6ba1926', N'3c3d95c3-f131-e811-b1be-bca8a6ba1926')
INSERT [dbo].[StudentModulePreferences] ([ModuleId], [StudentId]) VALUES (N'08d33c4b-0b02-e811-b1b9-bca8a6ba1926', N'78bc74c1-7632-e811-b1be-bca8a6ba1926')
INSERT [dbo].[StudentModulePreferences] ([ModuleId], [StudentId]) VALUES (N'08d33c4b-0b02-e811-b1b9-bca8a6ba1926', N'd5c1da0d-7732-e811-b1be-bca8a6ba1926')
INSERT [dbo].[StudentModulePreferences] ([ModuleId], [StudentId]) VALUES (N'08d33c4b-0b02-e811-b1b9-bca8a6ba1926', N'3745d543-7732-e811-b1be-bca8a6ba1926')
INSERT [dbo].[StudentModulePreferences] ([ModuleId], [StudentId]) VALUES (N'08d33c4b-0b02-e811-b1b9-bca8a6ba1926', N'3319b2d7-7732-e811-b1be-bca8a6ba1926')
INSERT [dbo].[StudentModulePreferences] ([ModuleId], [StudentId]) VALUES (N'08d33c4b-0b02-e811-b1b9-bca8a6ba1926', N'fb5be68e-7832-e811-b1be-bca8a6ba1926')
INSERT [dbo].[StudentModulePreferences] ([ModuleId], [StudentId]) VALUES (N'08d33c4b-0b02-e811-b1b9-bca8a6ba1926', N'09844ad0-7832-e811-b1be-bca8a6ba1926')
INSERT [dbo].[StudentModulePreferences] ([ModuleId], [StudentId]) VALUES (N'08d33c4b-0b02-e811-b1b9-bca8a6ba1926', N'66aa096f-7932-e811-b1be-bca8a6ba1926')
INSERT [dbo].[StudentModulePreferences] ([ModuleId], [StudentId]) VALUES (N'08d33c4b-0b02-e811-b1b9-bca8a6ba1926', N'2be30ad4-7a32-e811-b1be-bca8a6ba1926')
INSERT [dbo].[StudentModulePreferences] ([ModuleId], [StudentId]) VALUES (N'08d33c4b-0b02-e811-b1b9-bca8a6ba1926', N'8567c018-7b32-e811-b1be-bca8a6ba1926')
INSERT [dbo].[StudentModulePreferences] ([ModuleId], [StudentId]) VALUES (N'08d33c4b-0b02-e811-b1b9-bca8a6ba1926', N'17826351-7b32-e811-b1be-bca8a6ba1926')
INSERT [dbo].[StudentModulePreferences] ([ModuleId], [StudentId]) VALUES (N'08d33c4b-0b02-e811-b1b9-bca8a6ba1926', N'145b58a7-7b32-e811-b1be-bca8a6ba1926')
INSERT [dbo].[StudentModulePreferences] ([ModuleId], [StudentId]) VALUES (N'08d33c4b-0b02-e811-b1b9-bca8a6ba1926', N'4b214edf-7b32-e811-b1be-bca8a6ba1926')
INSERT [dbo].[StudentModulePreferences] ([ModuleId], [StudentId]) VALUES (N'08d33c4b-0b02-e811-b1b9-bca8a6ba1926', N'e1284f18-7c32-e811-b1be-bca8a6ba1926')
INSERT [dbo].[StudentModulePreferences] ([ModuleId], [StudentId]) VALUES (N'09d33c4b-0b02-e811-b1b9-bca8a6ba1926', N'd5c1da0d-7732-e811-b1be-bca8a6ba1926')
INSERT [dbo].[StudentModulePreferences] ([ModuleId], [StudentId]) VALUES (N'09d33c4b-0b02-e811-b1b9-bca8a6ba1926', N'2be30ad4-7a32-e811-b1be-bca8a6ba1926')
INSERT [dbo].[StudentModulePreferences] ([ModuleId], [StudentId]) VALUES (N'09d33c4b-0b02-e811-b1b9-bca8a6ba1926', N'8567c018-7b32-e811-b1be-bca8a6ba1926')
INSERT [dbo].[StudentModulePreferences] ([ModuleId], [StudentId]) VALUES (N'0ad33c4b-0b02-e811-b1b9-bca8a6ba1926', N'45d517ca-0731-e811-b1be-bca8a6ba1926')
INSERT [dbo].[StudentModulePreferences] ([ModuleId], [StudentId]) VALUES (N'0ad33c4b-0b02-e811-b1b9-bca8a6ba1926', N'3c3d95c3-f131-e811-b1be-bca8a6ba1926')
INSERT [dbo].[StudentModulePreferences] ([ModuleId], [StudentId]) VALUES (N'0ad33c4b-0b02-e811-b1b9-bca8a6ba1926', N'd5c1da0d-7732-e811-b1be-bca8a6ba1926')
INSERT [dbo].[StudentModulePreferences] ([ModuleId], [StudentId]) VALUES (N'0ad33c4b-0b02-e811-b1b9-bca8a6ba1926', N'fb5be68e-7832-e811-b1be-bca8a6ba1926')
INSERT [dbo].[StudentModulePreferences] ([ModuleId], [StudentId]) VALUES (N'0ad33c4b-0b02-e811-b1b9-bca8a6ba1926', N'2be30ad4-7a32-e811-b1be-bca8a6ba1926')
INSERT [dbo].[StudentModulePreferences] ([ModuleId], [StudentId]) VALUES (N'0ad33c4b-0b02-e811-b1b9-bca8a6ba1926', N'8567c018-7b32-e811-b1be-bca8a6ba1926')
GO
INSERT [dbo].[StudentModulePreferences] ([ModuleId], [StudentId]) VALUES (N'0ad33c4b-0b02-e811-b1b9-bca8a6ba1926', N'4b214edf-7b32-e811-b1be-bca8a6ba1926')
INSERT [dbo].[StudentModulePreferences] ([ModuleId], [StudentId]) VALUES (N'0dd33c4b-0b02-e811-b1b9-bca8a6ba1926', N'd5c1da0d-7732-e811-b1be-bca8a6ba1926')
INSERT [dbo].[StudentModulePreferences] ([ModuleId], [StudentId]) VALUES (N'0dd33c4b-0b02-e811-b1b9-bca8a6ba1926', N'2be30ad4-7a32-e811-b1be-bca8a6ba1926')
INSERT [dbo].[StudentModulePreferences] ([ModuleId], [StudentId]) VALUES (N'0dd33c4b-0b02-e811-b1b9-bca8a6ba1926', N'8567c018-7b32-e811-b1be-bca8a6ba1926')
INSERT [dbo].[StudentModulePreferences] ([ModuleId], [StudentId]) VALUES (N'0dd33c4b-0b02-e811-b1b9-bca8a6ba1926', N'4b214edf-7b32-e811-b1be-bca8a6ba1926')
INSERT [dbo].[StudentModulePreferences] ([ModuleId], [StudentId]) VALUES (N'0ed33c4b-0b02-e811-b1b9-bca8a6ba1926', N'f451d566-0731-e811-b1be-bca8a6ba1926')
INSERT [dbo].[StudentModulePreferences] ([ModuleId], [StudentId]) VALUES (N'0ed33c4b-0b02-e811-b1b9-bca8a6ba1926', N'45d517ca-0731-e811-b1be-bca8a6ba1926')
INSERT [dbo].[StudentModulePreferences] ([ModuleId], [StudentId]) VALUES (N'0ed33c4b-0b02-e811-b1b9-bca8a6ba1926', N'db6d358f-f131-e811-b1be-bca8a6ba1926')
INSERT [dbo].[StudentModulePreferences] ([ModuleId], [StudentId]) VALUES (N'0ed33c4b-0b02-e811-b1b9-bca8a6ba1926', N'3c3d95c3-f131-e811-b1be-bca8a6ba1926')
INSERT [dbo].[StudentModulePreferences] ([ModuleId], [StudentId]) VALUES (N'0ed33c4b-0b02-e811-b1b9-bca8a6ba1926', N'78bc74c1-7632-e811-b1be-bca8a6ba1926')
INSERT [dbo].[StudentModulePreferences] ([ModuleId], [StudentId]) VALUES (N'0ed33c4b-0b02-e811-b1b9-bca8a6ba1926', N'd5c1da0d-7732-e811-b1be-bca8a6ba1926')
INSERT [dbo].[StudentModulePreferences] ([ModuleId], [StudentId]) VALUES (N'0ed33c4b-0b02-e811-b1b9-bca8a6ba1926', N'3319b2d7-7732-e811-b1be-bca8a6ba1926')
INSERT [dbo].[StudentModulePreferences] ([ModuleId], [StudentId]) VALUES (N'0ed33c4b-0b02-e811-b1b9-bca8a6ba1926', N'09844ad0-7832-e811-b1be-bca8a6ba1926')
INSERT [dbo].[StudentModulePreferences] ([ModuleId], [StudentId]) VALUES (N'0ed33c4b-0b02-e811-b1b9-bca8a6ba1926', N'8567c018-7b32-e811-b1be-bca8a6ba1926')
INSERT [dbo].[StudentModulePreferences] ([ModuleId], [StudentId]) VALUES (N'0ed33c4b-0b02-e811-b1b9-bca8a6ba1926', N'17826351-7b32-e811-b1be-bca8a6ba1926')
INSERT [dbo].[StudentModulePreferences] ([ModuleId], [StudentId]) VALUES (N'0ed33c4b-0b02-e811-b1b9-bca8a6ba1926', N'145b58a7-7b32-e811-b1be-bca8a6ba1926')
INSERT [dbo].[StudentModulePreferences] ([ModuleId], [StudentId]) VALUES (N'0ed33c4b-0b02-e811-b1b9-bca8a6ba1926', N'e1284f18-7c32-e811-b1be-bca8a6ba1926')
INSERT [dbo].[StudentModulePreferences] ([ModuleId], [StudentId]) VALUES (N'0fd33c4b-0b02-e811-b1b9-bca8a6ba1926', N'3c3d95c3-f131-e811-b1be-bca8a6ba1926')
INSERT [dbo].[StudentModulePreferences] ([ModuleId], [StudentId]) VALUES (N'0fd33c4b-0b02-e811-b1b9-bca8a6ba1926', N'fb5be68e-7832-e811-b1be-bca8a6ba1926')
INSERT [dbo].[StudentModulePreferences] ([ModuleId], [StudentId]) VALUES (N'0fd33c4b-0b02-e811-b1b9-bca8a6ba1926', N'2be30ad4-7a32-e811-b1be-bca8a6ba1926')
INSERT [dbo].[StudentModulePreferences] ([ModuleId], [StudentId]) VALUES (N'10d33c4b-0b02-e811-b1b9-bca8a6ba1926', N'3745d543-7732-e811-b1be-bca8a6ba1926')
INSERT [dbo].[StudentModulePreferences] ([ModuleId], [StudentId]) VALUES (N'10d33c4b-0b02-e811-b1b9-bca8a6ba1926', N'3319b2d7-7732-e811-b1be-bca8a6ba1926')
INSERT [dbo].[StudentModulePreferences] ([ModuleId], [StudentId]) VALUES (N'10d33c4b-0b02-e811-b1b9-bca8a6ba1926', N'fb5be68e-7832-e811-b1be-bca8a6ba1926')
INSERT [dbo].[StudentModulePreferences] ([ModuleId], [StudentId]) VALUES (N'10d33c4b-0b02-e811-b1b9-bca8a6ba1926', N'09844ad0-7832-e811-b1be-bca8a6ba1926')
INSERT [dbo].[StudentModulePreferences] ([ModuleId], [StudentId]) VALUES (N'10d33c4b-0b02-e811-b1b9-bca8a6ba1926', N'4b214edf-7b32-e811-b1be-bca8a6ba1926')
INSERT [dbo].[StudentModulePreferences] ([ModuleId], [StudentId]) VALUES (N'11d33c4b-0b02-e811-b1b9-bca8a6ba1926', N'45d517ca-0731-e811-b1be-bca8a6ba1926')
INSERT [dbo].[StudentModulePreferences] ([ModuleId], [StudentId]) VALUES (N'11d33c4b-0b02-e811-b1b9-bca8a6ba1926', N'66aa096f-7932-e811-b1be-bca8a6ba1926')
INSERT [dbo].[StudentModulePreferences] ([ModuleId], [StudentId]) VALUES (N'11d33c4b-0b02-e811-b1b9-bca8a6ba1926', N'145b58a7-7b32-e811-b1be-bca8a6ba1926')
INSERT [dbo].[StudentModulePreferences] ([ModuleId], [StudentId]) VALUES (N'12d33c4b-0b02-e811-b1b9-bca8a6ba1926', N'f451d566-0731-e811-b1be-bca8a6ba1926')
INSERT [dbo].[StudentModulePreferences] ([ModuleId], [StudentId]) VALUES (N'12d33c4b-0b02-e811-b1b9-bca8a6ba1926', N'45d517ca-0731-e811-b1be-bca8a6ba1926')
INSERT [dbo].[StudentModulePreferences] ([ModuleId], [StudentId]) VALUES (N'12d33c4b-0b02-e811-b1b9-bca8a6ba1926', N'66aa096f-7932-e811-b1be-bca8a6ba1926')
INSERT [dbo].[StudentModulePreferences] ([ModuleId], [StudentId]) VALUES (N'12d33c4b-0b02-e811-b1b9-bca8a6ba1926', N'2be30ad4-7a32-e811-b1be-bca8a6ba1926')
INSERT [dbo].[StudentModulePreferences] ([ModuleId], [StudentId]) VALUES (N'12d33c4b-0b02-e811-b1b9-bca8a6ba1926', N'145b58a7-7b32-e811-b1be-bca8a6ba1926')
INSERT [dbo].[StudentModulePreferences] ([ModuleId], [StudentId]) VALUES (N'12d33c4b-0b02-e811-b1b9-bca8a6ba1926', N'4b214edf-7b32-e811-b1be-bca8a6ba1926')
INSERT [dbo].[StudentModulePreferences] ([ModuleId], [StudentId]) VALUES (N'14d33c4b-0b02-e811-b1b9-bca8a6ba1926', N'f451d566-0731-e811-b1be-bca8a6ba1926')
INSERT [dbo].[StudentModulePreferences] ([ModuleId], [StudentId]) VALUES (N'14d33c4b-0b02-e811-b1b9-bca8a6ba1926', N'3745d543-7732-e811-b1be-bca8a6ba1926')
INSERT [dbo].[StudentModulePreferences] ([ModuleId], [StudentId]) VALUES (N'14d33c4b-0b02-e811-b1b9-bca8a6ba1926', N'3319b2d7-7732-e811-b1be-bca8a6ba1926')
INSERT [dbo].[StudentModulePreferences] ([ModuleId], [StudentId]) VALUES (N'14d33c4b-0b02-e811-b1b9-bca8a6ba1926', N'66aa096f-7932-e811-b1be-bca8a6ba1926')
INSERT [dbo].[StudentModulePreferences] ([ModuleId], [StudentId]) VALUES (N'650e5161-cc31-e811-b1be-bca8a6ba1926', N'f451d566-0731-e811-b1be-bca8a6ba1926')
INSERT [dbo].[StudentModulePreferences] ([ModuleId], [StudentId]) VALUES (N'650e5161-cc31-e811-b1be-bca8a6ba1926', N'45d517ca-0731-e811-b1be-bca8a6ba1926')
INSERT [dbo].[StudentModulePreferences] ([ModuleId], [StudentId]) VALUES (N'650e5161-cc31-e811-b1be-bca8a6ba1926', N'3745d543-7732-e811-b1be-bca8a6ba1926')
INSERT [dbo].[StudentModulePreferences] ([ModuleId], [StudentId]) VALUES (N'650e5161-cc31-e811-b1be-bca8a6ba1926', N'3319b2d7-7732-e811-b1be-bca8a6ba1926')
INSERT [dbo].[StudentModulePreferences] ([ModuleId], [StudentId]) VALUES (N'650e5161-cc31-e811-b1be-bca8a6ba1926', N'fb5be68e-7832-e811-b1be-bca8a6ba1926')
INSERT [dbo].[StudentModulePreferences] ([ModuleId], [StudentId]) VALUES (N'650e5161-cc31-e811-b1be-bca8a6ba1926', N'66aa096f-7932-e811-b1be-bca8a6ba1926')
INSERT [dbo].[StudentModulePreferences] ([ModuleId], [StudentId]) VALUES (N'650e5161-cc31-e811-b1be-bca8a6ba1926', N'145b58a7-7b32-e811-b1be-bca8a6ba1926')
INSERT [dbo].[Students] ([YearOfStudy], [CourseId], [StudentId], [UserId]) VALUES (1, N'00000000-0000-0000-0000-000000000000', N'89eb038b-2d0f-e811-b1ba-bca8a6ba1926', N'88eb038b-2d0f-e811-b1ba-bca8a6ba1926')
INSERT [dbo].[Students] ([YearOfStudy], [CourseId], [StudentId], [UserId]) VALUES (1, N'00000000-0000-0000-0000-000000000000', N'f451d566-0731-e811-b1be-bca8a6ba1926', N'f351d566-0731-e811-b1be-bca8a6ba1926')
INSERT [dbo].[Students] ([YearOfStudy], [CourseId], [StudentId], [UserId]) VALUES (1, N'a0a0efb4-6c36-4b14-b150-abe2a073dc34', N'45d517ca-0731-e811-b1be-bca8a6ba1926', N'44d517ca-0731-e811-b1be-bca8a6ba1926')
INSERT [dbo].[Students] ([YearOfStudy], [CourseId], [StudentId], [UserId]) VALUES (1, N'3827a994-f19b-419c-9242-ef6d0b17ed29', N'db6d358f-f131-e811-b1be-bca8a6ba1926', N'da6d358f-f131-e811-b1be-bca8a6ba1926')
INSERT [dbo].[Students] ([YearOfStudy], [CourseId], [StudentId], [UserId]) VALUES (1, N'0abbdabd-12ab-4a85-9233-d11ba88e6fe5', N'4ecc629d-f131-e811-b1be-bca8a6ba1926', N'4dcc629d-f131-e811-b1be-bca8a6ba1926')
INSERT [dbo].[Students] ([YearOfStudy], [CourseId], [StudentId], [UserId]) VALUES (1, N'0abbdabd-12ab-4a85-9233-d11ba88e6fe5', N'787c92a7-f131-e811-b1be-bca8a6ba1926', N'777c92a7-f131-e811-b1be-bca8a6ba1926')
INSERT [dbo].[Students] ([YearOfStudy], [CourseId], [StudentId], [UserId]) VALUES (1, N'a0a0efb4-6c36-4b14-b150-abe2a073dc34', N'3c3d95c3-f131-e811-b1be-bca8a6ba1926', N'3b3d95c3-f131-e811-b1be-bca8a6ba1926')
INSERT [dbo].[Students] ([YearOfStudy], [CourseId], [StudentId], [UserId]) VALUES (1, N'3827a994-f19b-419c-9242-ef6d0b17ed29', N'78bc74c1-7632-e811-b1be-bca8a6ba1926', N'77bc74c1-7632-e811-b1be-bca8a6ba1926')
INSERT [dbo].[Students] ([YearOfStudy], [CourseId], [StudentId], [UserId]) VALUES (1, N'a0a0efb4-6c36-4b14-b150-abe2a073dc34', N'd5c1da0d-7732-e811-b1be-bca8a6ba1926', N'd4c1da0d-7732-e811-b1be-bca8a6ba1926')
INSERT [dbo].[Students] ([YearOfStudy], [CourseId], [StudentId], [UserId]) VALUES (1, N'00000000-0000-0000-0000-000000000000', N'3745d543-7732-e811-b1be-bca8a6ba1926', N'3645d543-7732-e811-b1be-bca8a6ba1926')
INSERT [dbo].[Students] ([YearOfStudy], [CourseId], [StudentId], [UserId]) VALUES (1, N'00000000-0000-0000-0000-000000000000', N'3319b2d7-7732-e811-b1be-bca8a6ba1926', N'3219b2d7-7732-e811-b1be-bca8a6ba1926')
INSERT [dbo].[Students] ([YearOfStudy], [CourseId], [StudentId], [UserId]) VALUES (1, N'0abbdabd-12ab-4a85-9233-d11ba88e6fe5', N'e54e7e5c-7832-e811-b1be-bca8a6ba1926', N'e44e7e5c-7832-e811-b1be-bca8a6ba1926')
INSERT [dbo].[Students] ([YearOfStudy], [CourseId], [StudentId], [UserId]) VALUES (1, N'a0a0efb4-6c36-4b14-b150-abe2a073dc34', N'fb5be68e-7832-e811-b1be-bca8a6ba1926', N'fa5be68e-7832-e811-b1be-bca8a6ba1926')
INSERT [dbo].[Students] ([YearOfStudy], [CourseId], [StudentId], [UserId]) VALUES (1, N'3827a994-f19b-419c-9242-ef6d0b17ed29', N'09844ad0-7832-e811-b1be-bca8a6ba1926', N'08844ad0-7832-e811-b1be-bca8a6ba1926')
INSERT [dbo].[Students] ([YearOfStudy], [CourseId], [StudentId], [UserId]) VALUES (1, N'00000000-0000-0000-0000-000000000000', N'66aa096f-7932-e811-b1be-bca8a6ba1926', N'65aa096f-7932-e811-b1be-bca8a6ba1926')
INSERT [dbo].[Students] ([YearOfStudy], [CourseId], [StudentId], [UserId]) VALUES (1, N'a0a0efb4-6c36-4b14-b150-abe2a073dc34', N'2be30ad4-7a32-e811-b1be-bca8a6ba1926', N'2ae30ad4-7a32-e811-b1be-bca8a6ba1926')
INSERT [dbo].[Students] ([YearOfStudy], [CourseId], [StudentId], [UserId]) VALUES (1, N'a0a0efb4-6c36-4b14-b150-abe2a073dc34', N'8567c018-7b32-e811-b1be-bca8a6ba1926', N'8467c018-7b32-e811-b1be-bca8a6ba1926')
INSERT [dbo].[Students] ([YearOfStudy], [CourseId], [StudentId], [UserId]) VALUES (1, N'3827a994-f19b-419c-9242-ef6d0b17ed29', N'17826351-7b32-e811-b1be-bca8a6ba1926', N'16826351-7b32-e811-b1be-bca8a6ba1926')
INSERT [dbo].[Students] ([YearOfStudy], [CourseId], [StudentId], [UserId]) VALUES (1, N'00000000-0000-0000-0000-000000000000', N'145b58a7-7b32-e811-b1be-bca8a6ba1926', N'135b58a7-7b32-e811-b1be-bca8a6ba1926')
INSERT [dbo].[Students] ([YearOfStudy], [CourseId], [StudentId], [UserId]) VALUES (5, N'00000000-0000-0000-0000-000000000000', N'4b214edf-7b32-e811-b1be-bca8a6ba1926', N'4a214edf-7b32-e811-b1be-bca8a6ba1926')
INSERT [dbo].[Students] ([YearOfStudy], [CourseId], [StudentId], [UserId]) VALUES (1, N'3827a994-f19b-419c-9242-ef6d0b17ed29', N'e1284f18-7c32-e811-b1be-bca8a6ba1926', N'e0284f18-7c32-e811-b1be-bca8a6ba1926')
INSERT [dbo].[Students] ([YearOfStudy], [CourseId], [StudentId], [UserId]) VALUES (1, N'a0a0efb4-6c36-4b14-b150-abe2a073dc34', N'a20fcd9a-2d59-e811-b1c4-bca8a6ba1926', N'a10fcd9a-2d59-e811-b1c4-bca8a6ba1926')
INSERT [dbo].[Users] ([UserId], [FirstName], [LastName]) VALUES (N'63b32c0b-7b0e-e811-b1ba-bca8a6ba1926', N'Demo', N'User')
INSERT [dbo].[Users] ([UserId], [FirstName], [LastName]) VALUES (N'3da8e2c8-290f-e811-b1ba-bca8a6ba1926', N'Demo', N'User')
INSERT [dbo].[Users] ([UserId], [FirstName], [LastName]) VALUES (N'88eb038b-2d0f-e811-b1ba-bca8a6ba1926', N'Callum', N'TestUser')
INSERT [dbo].[Users] ([UserId], [FirstName], [LastName]) VALUES (N'8aeb038b-2d0f-e811-b1ba-bca8a6ba1926', N'Demo', N'User')
INSERT [dbo].[Users] ([UserId], [FirstName], [LastName]) VALUES (N'f351d566-0731-e811-b1be-bca8a6ba1926', N'Callum', N'Goodridge')
INSERT [dbo].[Users] ([UserId], [FirstName], [LastName]) VALUES (N'44d517ca-0731-e811-b1be-bca8a6ba1926', N'George', N'Neumann')
INSERT [dbo].[Users] ([UserId], [FirstName], [LastName]) VALUES (N'da6d358f-f131-e811-b1be-bca8a6ba1926', N'Toby', N'Williams')
INSERT [dbo].[Users] ([UserId], [FirstName], [LastName]) VALUES (N'4dcc629d-f131-e811-b1be-bca8a6ba1926', N'Jorja', N'Levy')
INSERT [dbo].[Users] ([UserId], [FirstName], [LastName]) VALUES (N'777c92a7-f131-e811-b1be-bca8a6ba1926', N'Clara', N'Tanner')
INSERT [dbo].[Users] ([UserId], [FirstName], [LastName]) VALUES (N'3b3d95c3-f131-e811-b1be-bca8a6ba1926', N'Greg', N'Whiteley')
INSERT [dbo].[Users] ([UserId], [FirstName], [LastName]) VALUES (N'77bc74c1-7632-e811-b1be-bca8a6ba1926', N'Alex', N'Goodridge')
INSERT [dbo].[Users] ([UserId], [FirstName], [LastName]) VALUES (N'd4c1da0d-7732-e811-b1be-bca8a6ba1926', N'Sophie', N'Jones')
INSERT [dbo].[Users] ([UserId], [FirstName], [LastName]) VALUES (N'3645d543-7732-e811-b1be-bca8a6ba1926', N'Stan', N'Smith')
INSERT [dbo].[Users] ([UserId], [FirstName], [LastName]) VALUES (N'3219b2d7-7732-e811-b1be-bca8a6ba1926', N'Ellie', N'Brown')
INSERT [dbo].[Users] ([UserId], [FirstName], [LastName]) VALUES (N'e44e7e5c-7832-e811-b1be-bca8a6ba1926', N'Tom', N'Ford')
INSERT [dbo].[Users] ([UserId], [FirstName], [LastName]) VALUES (N'fa5be68e-7832-e811-b1be-bca8a6ba1926', N'Mike', N'Rowlands')
INSERT [dbo].[Users] ([UserId], [FirstName], [LastName]) VALUES (N'08844ad0-7832-e811-b1be-bca8a6ba1926', N'Harry', N'Peters')
INSERT [dbo].[Users] ([UserId], [FirstName], [LastName]) VALUES (N'65aa096f-7932-e811-b1be-bca8a6ba1926', N'Frank', N'West')
INSERT [dbo].[Users] ([UserId], [FirstName], [LastName]) VALUES (N'2ae30ad4-7a32-e811-b1be-bca8a6ba1926', N'Craig', N'Charles')
INSERT [dbo].[Users] ([UserId], [FirstName], [LastName]) VALUES (N'8467c018-7b32-e811-b1be-bca8a6ba1926', N'Ben', N'Williams')
INSERT [dbo].[Users] ([UserId], [FirstName], [LastName]) VALUES (N'16826351-7b32-e811-b1be-bca8a6ba1926', N'Joe', N'Roberts')
INSERT [dbo].[Users] ([UserId], [FirstName], [LastName]) VALUES (N'135b58a7-7b32-e811-b1be-bca8a6ba1926', N'Hannah', N'Daniels')
INSERT [dbo].[Users] ([UserId], [FirstName], [LastName]) VALUES (N'4a214edf-7b32-e811-b1be-bca8a6ba1926', N'Rachel', N'Riley')
INSERT [dbo].[Users] ([UserId], [FirstName], [LastName]) VALUES (N'e0284f18-7c32-e811-b1be-bca8a6ba1926', N'Dominic', N'Green')
INSERT [dbo].[Users] ([UserId], [FirstName], [LastName]) VALUES (N'a10fcd9a-2d59-e811-b1c4-bca8a6ba1926', N'Bob', N'Marley')
/****** Object:  Index [IX_CourseId]    Script Date: 28/05/2018 11:58:06 ******/
CREATE NONCLUSTERED INDEX [IX_CourseId] ON [dbo].[CourseModules]
(
	[CourseId] ASC
)WITH (PAD_INDEX = OFF, STATISTICS_NORECOMPUTE = OFF, SORT_IN_TEMPDB = OFF, DROP_EXISTING = OFF, ONLINE = OFF, ALLOW_ROW_LOCKS = ON, ALLOW_PAGE_LOCKS = ON) ON [PRIMARY]
GO
/****** Object:  Index [IX_ModuleId]    Script Date: 28/05/2018 11:58:06 ******/
CREATE NONCLUSTERED INDEX [IX_ModuleId] ON [dbo].[CourseModules]
(
	[ModuleId] ASC
)WITH (PAD_INDEX = OFF, STATISTICS_NORECOMPUTE = OFF, SORT_IN_TEMPDB = OFF, DROP_EXISTING = OFF, ONLINE = OFF, ALLOW_ROW_LOCKS = ON, ALLOW_PAGE_LOCKS = ON) ON [PRIMARY]
GO
SET ANSI_PADDING ON
GO
/****** Object:  Index [IX_Title]    Script Date: 28/05/2018 11:58:06 ******/
CREATE UNIQUE NONCLUSTERED INDEX [IX_Title] ON [dbo].[Courses]
(
	[Title] ASC
)WITH (PAD_INDEX = OFF, STATISTICS_NORECOMPUTE = OFF, SORT_IN_TEMPDB = OFF, IGNORE_DUP_KEY = OFF, DROP_EXISTING = OFF, ONLINE = OFF, ALLOW_ROW_LOCKS = ON, ALLOW_PAGE_LOCKS = ON) ON [PRIMARY]
GO
/****** Object:  Index [IX_UserId]    Script Date: 28/05/2018 11:58:06 ******/
CREATE UNIQUE NONCLUSTERED INDEX [IX_UserId] ON [dbo].[Logins]
(
	[UserId] ASC
)WITH (PAD_INDEX = OFF, STATISTICS_NORECOMPUTE = OFF, SORT_IN_TEMPDB = OFF, IGNORE_DUP_KEY = OFF, DROP_EXISTING = OFF, ONLINE = OFF, ALLOW_ROW_LOCKS = ON, ALLOW_PAGE_LOCKS = ON) ON [PRIMARY]
GO
/****** Object:  Index [IX_RoleId]    Script Date: 28/05/2018 11:58:06 ******/
CREATE NONCLUSTERED INDEX [IX_RoleId] ON [dbo].[Memberships]
(
	[RoleId] ASC
)WITH (PAD_INDEX = OFF, STATISTICS_NORECOMPUTE = OFF, SORT_IN_TEMPDB = OFF, DROP_EXISTING = OFF, ONLINE = OFF, ALLOW_ROW_LOCKS = ON, ALLOW_PAGE_LOCKS = ON) ON [PRIMARY]
GO
/****** Object:  Index [IX_UserId]    Script Date: 28/05/2018 11:58:06 ******/
CREATE NONCLUSTERED INDEX [IX_UserId] ON [dbo].[Memberships]
(
	[UserId] ASC
)WITH (PAD_INDEX = OFF, STATISTICS_NORECOMPUTE = OFF, SORT_IN_TEMPDB = OFF, DROP_EXISTING = OFF, ONLINE = OFF, ALLOW_ROW_LOCKS = ON, ALLOW_PAGE_LOCKS = ON) ON [PRIMARY]
GO
/****** Object:  Index [IX_ModuleId]    Script Date: 28/05/2018 11:58:06 ******/
CREATE NONCLUSTERED INDEX [IX_ModuleId] ON [dbo].[ModuleLinks]
(
	[ModuleId] ASC
)WITH (PAD_INDEX = OFF, STATISTICS_NORECOMPUTE = OFF, SORT_IN_TEMPDB = OFF, DROP_EXISTING = OFF, ONLINE = OFF, ALLOW_ROW_LOCKS = ON, ALLOW_PAGE_LOCKS = ON) ON [PRIMARY]
GO
/****** Object:  Index [IX_PrerequisiteId]    Script Date: 28/05/2018 11:58:06 ******/
CREATE NONCLUSTERED INDEX [IX_PrerequisiteId] ON [dbo].[ModuleLinks]
(
	[PrerequisiteId] ASC
)WITH (PAD_INDEX = OFF, STATISTICS_NORECOMPUTE = OFF, SORT_IN_TEMPDB = OFF, DROP_EXISTING = OFF, ONLINE = OFF, ALLOW_ROW_LOCKS = ON, ALLOW_PAGE_LOCKS = ON) ON [PRIMARY]
GO
SET ANSI_PADDING ON
GO
/****** Object:  Index [IX_ModuleCode]    Script Date: 28/05/2018 11:58:06 ******/
CREATE UNIQUE NONCLUSTERED INDEX [IX_ModuleCode] ON [dbo].[Modules]
(
	[ModuleCode] ASC
)WITH (PAD_INDEX = OFF, STATISTICS_NORECOMPUTE = OFF, SORT_IN_TEMPDB = OFF, IGNORE_DUP_KEY = OFF, DROP_EXISTING = OFF, ONLINE = OFF, ALLOW_ROW_LOCKS = ON, ALLOW_PAGE_LOCKS = ON) ON [PRIMARY]
GO
SET ANSI_PADDING ON
GO
/****** Object:  Index [IX_Title]    Script Date: 28/05/2018 11:58:06 ******/
CREATE UNIQUE NONCLUSTERED INDEX [IX_Title] ON [dbo].[Modules]
(
	[Title] ASC
)WITH (PAD_INDEX = OFF, STATISTICS_NORECOMPUTE = OFF, SORT_IN_TEMPDB = OFF, IGNORE_DUP_KEY = OFF, DROP_EXISTING = OFF, ONLINE = OFF, ALLOW_ROW_LOCKS = ON, ALLOW_PAGE_LOCKS = ON) ON [PRIMARY]
GO
SET ANSI_PADDING ON
GO
/****** Object:  Index [IX_Name]    Script Date: 28/05/2018 11:58:06 ******/
CREATE UNIQUE NONCLUSTERED INDEX [IX_Name] ON [dbo].[Roles]
(
	[Name] ASC
)WITH (PAD_INDEX = OFF, STATISTICS_NORECOMPUTE = OFF, SORT_IN_TEMPDB = OFF, IGNORE_DUP_KEY = OFF, DROP_EXISTING = OFF, ONLINE = OFF, ALLOW_ROW_LOCKS = ON, ALLOW_PAGE_LOCKS = ON) ON [PRIMARY]
GO
/****** Object:  Index [IX_ModuleId]    Script Date: 28/05/2018 11:58:06 ******/
CREATE NONCLUSTERED INDEX [IX_ModuleId] ON [dbo].[StudentModulePreferences]
(
	[ModuleId] ASC
)WITH (PAD_INDEX = OFF, STATISTICS_NORECOMPUTE = OFF, SORT_IN_TEMPDB = OFF, DROP_EXISTING = OFF, ONLINE = OFF, ALLOW_ROW_LOCKS = ON, ALLOW_PAGE_LOCKS = ON) ON [PRIMARY]
GO
/****** Object:  Index [IX_StudentId]    Script Date: 28/05/2018 11:58:06 ******/
CREATE NONCLUSTERED INDEX [IX_StudentId] ON [dbo].[StudentModulePreferences]
(
	[StudentId] ASC
)WITH (PAD_INDEX = OFF, STATISTICS_NORECOMPUTE = OFF, SORT_IN_TEMPDB = OFF, DROP_EXISTING = OFF, ONLINE = OFF, ALLOW_ROW_LOCKS = ON, ALLOW_PAGE_LOCKS = ON) ON [PRIMARY]
GO
/****** Object:  Index [IX_CourseId]    Script Date: 28/05/2018 11:58:06 ******/
CREATE NONCLUSTERED INDEX [IX_CourseId] ON [dbo].[Students]
(
	[CourseId] ASC
)WITH (PAD_INDEX = OFF, STATISTICS_NORECOMPUTE = OFF, SORT_IN_TEMPDB = OFF, DROP_EXISTING = OFF, ONLINE = OFF, ALLOW_ROW_LOCKS = ON, ALLOW_PAGE_LOCKS = ON) ON [PRIMARY]
GO
/****** Object:  Index [IX_UserId]    Script Date: 28/05/2018 11:58:06 ******/
CREATE NONCLUSTERED INDEX [IX_UserId] ON [dbo].[Students]
(
	[UserId] ASC
)WITH (PAD_INDEX = OFF, STATISTICS_NORECOMPUTE = OFF, SORT_IN_TEMPDB = OFF, DROP_EXISTING = OFF, ONLINE = OFF, ALLOW_ROW_LOCKS = ON, ALLOW_PAGE_LOCKS = ON) ON [PRIMARY]
GO
ALTER TABLE [dbo].[Courses] ADD  DEFAULT ((0)) FOR [NumberOfYears]
GO
ALTER TABLE [dbo].[Modules] ADD  DEFAULT (newsequentialid()) FOR [ModuleId]
GO
ALTER TABLE [dbo].[Students] ADD  DEFAULT (newsequentialid()) FOR [StudentId]
GO
ALTER TABLE [dbo].[Students] ADD  DEFAULT ('00000000-0000-0000-0000-000000000000') FOR [UserId]
GO
ALTER TABLE [dbo].[Users] ADD  DEFAULT (newsequentialid()) FOR [UserId]
GO
ALTER TABLE [dbo].[CourseModules]  WITH CHECK ADD  CONSTRAINT [FK_dbo.CourseModules_dbo.Courses_CourseId] FOREIGN KEY([CourseId])
REFERENCES [dbo].[Courses] ([Id])
ON DELETE CASCADE
GO
ALTER TABLE [dbo].[CourseModules] CHECK CONSTRAINT [FK_dbo.CourseModules_dbo.Courses_CourseId]
GO
ALTER TABLE [dbo].[CourseModules]  WITH CHECK ADD  CONSTRAINT [FK_dbo.CourseModules_dbo.Modules_ModuleId] FOREIGN KEY([ModuleId])
REFERENCES [dbo].[Modules] ([ModuleId])
ON DELETE CASCADE
GO
ALTER TABLE [dbo].[CourseModules] CHECK CONSTRAINT [FK_dbo.CourseModules_dbo.Modules_ModuleId]
GO
ALTER TABLE [dbo].[Logins]  WITH CHECK ADD  CONSTRAINT [FK_dbo.Logins_dbo.Users_UserId] FOREIGN KEY([UserId])
REFERENCES [dbo].[Users] ([UserId])
ON DELETE CASCADE
GO
ALTER TABLE [dbo].[Logins] CHECK CONSTRAINT [FK_dbo.Logins_dbo.Users_UserId]
GO
ALTER TABLE [dbo].[Memberships]  WITH CHECK ADD  CONSTRAINT [FK_dbo.Memberships_dbo.Roles_RoleId] FOREIGN KEY([RoleId])
REFERENCES [dbo].[Roles] ([RoleId])
ON DELETE CASCADE
GO
ALTER TABLE [dbo].[Memberships] CHECK CONSTRAINT [FK_dbo.Memberships_dbo.Roles_RoleId]
GO
ALTER TABLE [dbo].[Memberships]  WITH CHECK ADD  CONSTRAINT [FK_dbo.Memberships_dbo.Users_UserId] FOREIGN KEY([UserId])
REFERENCES [dbo].[Users] ([UserId])
ON DELETE CASCADE
GO
ALTER TABLE [dbo].[Memberships] CHECK CONSTRAINT [FK_dbo.Memberships_dbo.Users_UserId]
GO
ALTER TABLE [dbo].[ModuleLinks]  WITH CHECK ADD  CONSTRAINT [FK_dbo.ModuleLinks_dbo.Modules_ModuleId] FOREIGN KEY([ModuleId])
REFERENCES [dbo].[Modules] ([ModuleId])
GO
ALTER TABLE [dbo].[ModuleLinks] CHECK CONSTRAINT [FK_dbo.ModuleLinks_dbo.Modules_ModuleId]
GO
ALTER TABLE [dbo].[ModuleLinks]  WITH CHECK ADD  CONSTRAINT [FK_dbo.ModuleLinks_dbo.Modules_PrerequisiteId] FOREIGN KEY([PrerequisiteId])
REFERENCES [dbo].[Modules] ([ModuleId])
GO
ALTER TABLE [dbo].[ModuleLinks] CHECK CONSTRAINT [FK_dbo.ModuleLinks_dbo.Modules_PrerequisiteId]
GO
ALTER TABLE [dbo].[StudentModulePreferences]  WITH CHECK ADD  CONSTRAINT [FK_dbo.StudentModulePreferences_dbo.Modules_ModuleId] FOREIGN KEY([ModuleId])
REFERENCES [dbo].[Modules] ([ModuleId])
ON DELETE CASCADE
GO
ALTER TABLE [dbo].[StudentModulePreferences] CHECK CONSTRAINT [FK_dbo.StudentModulePreferences_dbo.Modules_ModuleId]
GO
ALTER TABLE [dbo].[StudentModulePreferences]  WITH CHECK ADD  CONSTRAINT [FK_dbo.StudentModulePreferences_dbo.Students_StudentId] FOREIGN KEY([StudentId])
REFERENCES [dbo].[Students] ([StudentId])
ON DELETE CASCADE
GO
ALTER TABLE [dbo].[StudentModulePreferences] CHECK CONSTRAINT [FK_dbo.StudentModulePreferences_dbo.Students_StudentId]
GO
ALTER TABLE [dbo].[Students]  WITH CHECK ADD  CONSTRAINT [FK_dbo.Students_dbo.Courses_CourseId] FOREIGN KEY([CourseId])
REFERENCES [dbo].[Courses] ([Id])
ON DELETE CASCADE
GO
ALTER TABLE [dbo].[Students] CHECK CONSTRAINT [FK_dbo.Students_dbo.Courses_CourseId]
GO
ALTER TABLE [dbo].[Students]  WITH CHECK ADD  CONSTRAINT [FK_dbo.Students_dbo.Users_UserId] FOREIGN KEY([UserId])
REFERENCES [dbo].[Users] ([UserId])
ON DELETE CASCADE
GO
ALTER TABLE [dbo].[Students] CHECK CONSTRAINT [FK_dbo.Students_dbo.Users_UserId]
GO
USE [master]
GO
ALTER DATABASE [ModuleChooser] SET  READ_WRITE 
GO
